"LOAN_CODE"|"SHOP_NM"|"CUSTOMER_CODE"|"FUND_NAME"|"SCHEDULE_NUM"|"DUE_DATE"|"COMPLETED_PAID_DATE"|"DUE_AMOUNT"|"PAYMENT_ON_TIME"|"IS_THIS_TERM"|"LAST_DUE_DATE"|"ASSET_TYPE"|"NEXT_3"|"NEXT_2"|"NEXT_1"|"PREV_ON_TIME_1"|"PREV_ON_TIME_2"|"PREV_ON_TIME_3"|"RISK_GROUP"|"SCORE"|"DPD"
"40294129566"|BVU22011.669 Mỹ Xuân|"2355241618"|F88 Fund|9|2024-10-20 00:00:00.000||13132075||1|2025-01-20 00:00:00.000|Đăng ký Ô tô|12|11|10|1|1|1|||-7
"31136503662"|BVU20005.66 Đường 30/04|"2377052059"|F88 Fund|7|2024-10-20 00:00:00.000||979000||1|2025-03-20 00:00:00.000|Đăng ký xe máy|10|9|8|1|1|1|||-7
"40548478280"|BVU20004.52 Trương Công Định|"2468774878"|F88 Fund|6|2024-10-16 00:00:00.000||2354000||1|2025-04-16 00:00:00.000|Đăng ký xe máy|9|8|7|1|1|1|||-3
"40510123309"|BVU20001.47 tổ 1, ấp Lò Vôi|"2350261049"|F88 Fund|6|2024-10-25 00:00:00.000||1358000||1|2025-04-25 00:00:00.000|Đăng ký xe máy|9|8|7|1|1|1|||-12
"40568073027"|BVU20001.47 tổ 1, ấp Lò Vôi|"2414478061"|F88 Fund|6|2024-11-11 00:00:00.000||1427000||1|2025-05-11 00:00:00.000|Đăng ký xe máy|9|8|7|1|1|1|||-29
"40794893594"|BVU20004.52 Trương Công Định|"2418557846"|CIMB Fund|4|2024-11-03 00:00:00.000||1408999||1|2025-07-03 00:00:00.000|Đăng ký xe máy|7|6|5|1|1|1|Thap|0.3443481585591306|-21
"40627098159"|BVU22011.669 Mỹ Xuân|"2483013769"|F88 Fund|5|2024-11-13 00:00:00.000||1509000||1|2025-06-13 00:00:00.000|Đăng ký xe máy|8|7|6|1|1|1|||-31
"40477442580"|BVU20005.66 Đường 30/04|"2265249819"|CIMB Fund|7|2024-11-12 00:00:00.000||1317317||1|2025-04-12 00:00:00.000|Đăng ký xe máy|10|9|8|1|1|1|||-30
"40231767434"|BVU20004.52 Trương Công Định|"2282743258"|F88 Fund|8|2024-10-15 00:00:00.000||1969000||1|2025-02-15 00:00:00.000|Đăng ký xe máy|11|10|9|1|1|1|||-2
"40549347637"|BVU20004.52 Trương Công Định|"2361088894"|F88 Fund|4|2024-10-24 00:00:00.000||27320000||1|2025-06-24 00:00:00.000|Đăng ký Ô tô|7|6|5|1|1|1|||-11
"40276319864"|BVU20001.47 tổ 1, ấp Lò Vôi|"2499777244"|F88 Fund|9|2024-11-11 00:00:00.000||2055000||1|2025-02-11 00:00:00.000|Đăng ký xe máy|12|11|10|1|1|1|||-29
"40708468232"|BVU22015.975 Bình Giã|"2463043281"|CIMB Fund|4|2024-11-05 00:00:00.000||2135880||1|2025-07-05 00:00:00.000|Đăng ký xe máy|7|6|5|1|1|1|||-23
"40323038570"|BVU22013.Hòa Long|"2486745568"|CIMB Fund|7|2024-10-21 00:00:00.000||2141384||1|2025-03-21 00:00:00.000|Đăng ký xe máy|10|9|8|1|1|1|Thap|0.3427661484954004|-8
"40277822990"|BVU20004.52 Trương Công Định|"21102135"|F88 Fund|6|2024-10-25 00:00:00.000||1852000||1|2025-04-25 00:00:00.000|Đăng ký xe máy|9|8|7|1|1|1|||-12
"40726788395"|BVU22015.975 Bình Giã|"2477555700"|CIMB Fund|4|2024-11-07 00:00:00.000||1397021||1|2025-07-07 00:00:00.000|Đăng ký xe máy|7|6|5|1|1|1|||-25
"40291389782"|BVU22011.669 Mỹ Xuân|"2497965831"|F88 Fund|9|2024-10-25 00:00:00.000||1056000||1|2025-01-25 00:00:00.000|Đăng ký xe máy|12|11|10|1|1|1|Thap|0.3503915392683198|-12
"40748899231"|BVU20001.47 tổ 1, ấp Lò Vôi|"2463372176"|CIMB Fund|4|2024-11-03 00:00:00.000||2072373||1|2025-07-03 00:00:00.000|Đăng ký xe máy|7|6|5|1|1|1|||-21
"40588422289"|BVU22011.669 Mỹ Xuân|"2434151140"|F88 Fund|6|2024-11-11 00:00:00.000||3747000||1|2025-08-11 00:00:00.000|Đăng ký xe máy|9|8|7|1|1|1|Thap|0.3783887946905326|-29
"40710494674"|BVU20001.47 tổ 1, ấp Lò Vôi|"2462673183"|CIMB Fund|4|2024-11-10 00:00:00.000||1852081||1|2025-07-10 00:00:00.000|Đăng ký xe máy|7|6|5|1|1|1|Thap|0.37475164797261|-28
"40616184684"|BVU22011.669 Mỹ Xuân|"2449727147"|F88 Fund|4|2024-10-18 00:00:00.000||2106000||1|2025-06-18 00:00:00.000|Đăng ký xe máy|7|6|5|1|1|1|||-5
"40656823684"|BVU22013.Hòa Long|"2380325953"|F88 Fund|5|2024-11-02 00:00:00.000||1056000||1|2025-06-02 00:00:00.000|Đăng ký xe máy|8|7|6|1|1|1|Thap|0.374745816688999|-20
"40372468835"|BVU22013.Hòa Long|"2219507648"|F88 Fund|8|2024-10-15 00:00:00.000||2203000||1|2025-02-15 00:00:00.000|Đăng ký xe máy|11|10|9|1|1|1|Thap|0.3787330264211389|-2
"40589035905"|BVU22013.Hòa Long|"2482222204"|F88 Fund|6|2024-11-13 00:00:00.000||2654000||1|2025-05-13 00:00:00.000|Đăng ký xe máy|9|8|7|1|1|1|||-31
"40447501016"|BVU22015.975 Bình Giã|"2462160338"|CIMB Fund|6|2024-10-15 00:00:00.000||2574797||1|2025-10-15 00:00:00.000|Đăng ký xe máy|9|8|7|1|1|1|||-2
"40463028471"|BVU20005.66 Đường 30/04|"2428681699"|F88 Fund|6|2024-10-17 00:00:00.000||856000||1|2025-04-17 00:00:00.000|Đăng ký xe máy|9|8|7|1|1|1|Thap|0.3626829257951098|-4
"31238043192"|BVU22015.975 Bình Giã|"2386478995"|F88 Fund|12|2024-11-14 00:00:00.000||2243000||1|2025-05-14 00:00:00.000|Đăng ký xe máy|15|14|13|1|1|1|||-1
"40283598620"|BVU20004.52 Trương Công Định|"2456948495"|F88 Fund|8|2024-10-20 00:00:00.000||1327000||1|2025-02-20 00:00:00.000|Đăng ký xe máy|11|10|9|1|1|1|||-7
"40318794021"|BVU22015.975 Bình Giã|"2446176705"|CIMB Fund|7|2024-10-25 00:00:00.000||1200041||1|2025-03-25 00:00:00.000|Đăng ký xe máy|10|9|8|1|1|1|Thap|0.3665557184526114|-12
"40210652170"|BVU22015.975 Bình Giã|"2430355471"|F88 Fund|9|2024-10-15 00:00:00.000||1449000||1|2025-01-15 00:00:00.000|Đăng ký xe máy|12|11|10|1|1|1|||-2
"40269797863"|BVU22015.975 Bình Giã|"2440408466"|F88 Fund|8|2024-10-24 00:00:00.000||1284000||1|2025-02-24 00:00:00.000|Đăng ký xe máy|11|10|9|1|1|1|Thap|0.318537609982795|-11
"40759772426"|BVU20004.52 Trương Công Định|"2495753912"|CIMB Fund|4|2024-11-09 00:00:00.000||1186713||1|2025-07-09 00:00:00.000|Đăng ký xe máy|7|6|5|1|1|1|Thap|0.3529946530211154|-27
"40175625036"|BVU20005.66 Đường 30/04|"2289660272"|F88 Fund|4|2024-10-16 00:00:00.000||1638000||1|2025-06-16 00:00:00.000|Đăng ký xe máy|7|6|5|1|1|1|||-3
"40720489937"|BVU20004.52 Trương Công Định|"2224457263"|F88 Fund|4|2024-11-07 00:00:00.000||3690000||1|2025-07-07 00:00:00.000|Đăng ký xe máy|7|6|5|1|1|1|||-25
"40456510670"|BVU22011.669 Mỹ Xuân|"2345898849"|F88 Fund|7|2024-11-12 00:00:00.000||1427000||1|2025-04-12 00:00:00.000|Đăng ký xe máy|10|9|8|1|1|1|||-30
"40482483714"|BVU20004.52 Trương Công Định|"2458301567"|F88 Fund|8|2024-11-10 00:00:00.000||1509000||1|2025-03-10 00:00:00.000|Đăng ký xe máy|11|10|9|1|1|1|||-28
"40764946093"|BVU20005.66 Đường 30/04|"2462999194"|CIMB Fund|4|2024-10-16 00:00:00.000||1785050||1|2025-06-16 00:00:00.000|Đăng ký xe máy|7|6|5|1|1|1|Thap|0.3594406362977285|-3
"40294253538"|BVU20001.47 tổ 1, ấp Lò Vôi|"2454880744"|F88 Fund|8|2024-10-19 00:00:00.000||1327000||1|2025-02-19 00:00:00.000|Đăng ký xe máy|11|10|9|1|1|1|||-6
"40761575898"|BVU22013.Hòa Long|"2491836631"|CIMB Fund|4|2024-11-07 00:00:00.000||1556582||1|2025-07-07 00:00:00.000|Đăng ký xe máy|7|6|5|1|1|1|||-25
"40641399987"|BVU20001.47 tổ 1, ấp Lò Vôi|"2380670017"|CIMB Fund|5|2024-11-10 00:00:00.000||2292943||1|2025-06-10 00:00:00.000|Đăng ký xe máy|8|7|6|1|1|1|||-28
"40666996100"|BVU22015.975 Bình Giã|"2473374250"|F88 Fund|5|2024-11-14 00:00:00.000||3260000||1|2025-06-14 00:00:00.000|Đăng ký xe máy|8|7|6|1|1|1|||-1
"40684522676"|BVU22015.975 Bình Giã|"2431429661"|CIMB Fund|4|2024-10-24 00:00:00.000||1778265||1|2025-06-24 00:00:00.000|Đăng ký xe máy|7|6|5|1|1|1|Thap|0.3636370775821091|-11
"40724591966"|BVU22015.975 Bình Giã|"2449775877"|CIMB Fund|4|2024-11-12 00:00:00.000||862754||1|2025-07-12 00:00:00.000|Đăng ký xe máy|7|6|5|1|1|1|||-30
"40711453415"|BVU20001.47 tổ 1, ấp Lò Vôi|"2490489466"|CIMB Fund|4|2024-10-21 00:00:00.000||964464||1|2025-06-21 00:00:00.000|Đăng ký xe máy|7|6|5|1|1|1|Thap|0.3478628600375688|-8
"40712333594"|BVU22013.Hòa Long|"2492428329"|CIMB Fund|4|2024-11-01 00:00:00.000||1565460||1|2025-07-01 00:00:00.000|Đăng ký xe máy|7|6|5|1|1|1|||-19
"40754584530"|BVU22011.669 Mỹ Xuân|"2373805849"|CIMB Fund|4|2024-11-05 00:00:00.000||2631247||1|2025-07-05 00:00:00.000|Đăng ký xe máy|7|6|5|1|1|1|||-23
"40772500747"|BVU20005.66 Đường 30/04|"2296354726"|F88 Fund|4|2024-11-07 00:00:00.000||1826000||1|2025-07-07 00:00:00.000|Đăng ký xe máy|7|6|5|1|1|1|Thap|0.3450119914063453|-25
"40444912414"|BVU20001.47 tổ 1, ấp Lò Vôi|"2443949411"|F88 Fund|7|2024-10-15 00:00:00.000||2264000||1|2025-03-15 00:00:00.000|Đăng ký xe máy|10|9|8|1|1|1|||-2
"40721295689"|BVU22013.Hòa Long|"2257002140"|F88 Fund|4|2024-11-06 00:00:00.000||1883000||1|2025-07-06 00:00:00.000|Đăng ký xe máy|7|6|5|1|1|1|||-24
"40642053372"|BVU20005.66 Đường 30/04|"2442018654"|CIMB Fund|4|2024-10-17 00:00:00.000||1252347||1|2025-06-17 00:00:00.000|Đăng ký xe máy|7|6|5|1|1|1|Thap|0.369819334143176|-4
"40225898275"|BVU22015.975 Bình Giã|"2478817357"|F88 Fund|8|2024-10-18 00:00:00.000||1355000||1|2025-02-18 00:00:00.000|Đăng ký xe máy|11|10|9|1|1|1|||-5
"40224935852"|BVU22013.Hòa Long|"2448814472"|CIMB Fund|8|2024-10-22 00:00:00.000||864858||1|2025-02-22 00:00:00.000|Đăng ký xe máy|11|10|9|1|1|1|||-9
"31174926985"|BVU22013.Hòa Long|"2319116523"|F88 Fund|11|2024-10-25 00:00:00.000||3037000||1|2025-05-25 00:00:00.000|Đăng ký xe máy|14|13|12|1|1|1|||-12
"40732700968"|BVU20005.66 Đường 30/04|"2465857503"|CIMB Fund|4|2024-11-06 00:00:00.000||1190765||1|2025-07-06 00:00:00.000|Đăng ký xe máy|7|6|5|1|1|1|||-24
"40412197806"|BVU20005.66 Đường 30/04|"2217230877"|F88 Fund|7|2024-10-23 00:00:00.000||1852000||1|2025-03-23 00:00:00.000|Đăng ký xe máy|10|9|8|1|1|1|||-10
"40412190335"|BVU20001.47 tổ 1, ấp Lò Vôi|"2415032760"|F88 Fund|7|2024-10-25 00:00:00.000||2055000||1|2025-03-25 00:00:00.000|Đăng ký xe máy|10|9|8|1|1|1|||-12
"40457311192"|BVU20001.47 tổ 1, ấp Lò Vôi|"2431313812"|CIMB Fund|7|2024-11-06 00:00:00.000||1316025||1|2025-04-06 00:00:00.000|Đăng ký xe máy|10|9|8|1|1|1|||-24
"40201692658"|BVU22011.669 Mỹ Xuân|"2278564302"|F88 Fund|8|2024-10-15 00:00:00.000||1418000||1|2025-02-15 00:00:00.000|Đăng ký xe máy|11|10|9|1|1|1|||-2
"40707859313"|BVU22013.Hòa Long|"2461865826"|CIMB Fund|4|2024-11-09 00:00:00.000||1401007||1|2025-07-09 00:00:00.000|Đăng ký xe máy|7|6|5|1|1|1|||-27
"40776737926"|BVU20004.52 Trương Công Định|"2480659110"|CIMB Fund|4|2024-11-09 00:00:00.000||1517653||1|2025-07-09 00:00:00.000|Đăng ký xe máy|7|6|5|1|1|1|||-27
"40186082532"|BVU22013.Hòa Long|"2429170054"|CIMB Fund|9|2024-10-25 00:00:00.000||2799285||1|2025-01-25 00:00:00.000|Đăng ký xe máy|12|11|10|1|1|1|Thap|0.3705016201214929|-12
"31089483365"|BVU20005.66 Đường 30/04|"2345696573"|F88 Fund|4|2024-11-07 00:00:00.000||2006000||1|2025-07-07 00:00:00.000|Đăng ký xe máy|7|6|5|1|1|1|||-25
"40258126918"|BVU20005.66 Đường 30/04|"21184666"|F88 Fund|8|2024-10-16 00:00:00.000||2983000||1|2025-02-16 00:00:00.000|Đăng ký xe máy|11|10|9|1|1|1|Thap|0.3632927864983534|-3
"40548885121"|BVU20005.66 Đường 30/04|"2335148681"|F88 Fund|6|2024-11-05 00:00:00.000||1268000||1|2025-05-05 00:00:00.000|Đăng ký xe máy|9|8|7|1|1|1|Thap|0.3584305561873602|-23
"40545162825"|BVU22013.Hòa Long|"2462722740"|F88 Fund|5|2024-10-25 00:00:00.000||1898000||1|2025-05-25 00:00:00.000|Đăng ký xe máy|8|7|6|1|1|1|||-12
"40676731374"|BVU22011.669 Mỹ Xuân|"2471342112"|CIMB Fund|5|2024-11-08 00:00:00.000||1113365||1|2025-06-08 00:00:00.000|Đăng ký xe máy|8|7|6|1|1|1|||-26
"40565701062"|BVU22013.Hòa Long|"2419872130"|F88 Fund|5|2024-10-25 00:00:00.000||2825000||1|2025-05-25 00:00:00.000|Đăng ký xe máy|8|7|6|1|1|1|||-12
"40128357251"|BVU22011.669 Mỹ Xuân|"2442978208"|F88 Fund|9|2024-10-15 00:00:00.000||2140000||1|2025-01-15 00:00:00.000|Đăng ký xe máy|12|11|10|1|1|1|Thap|0.3636313186631961|-2
"31269220154"|BVU20004.52 Trương Công Định|"2379046608"|F88 Fund|8|2024-10-22 00:00:00.000||2148000||1|2025-08-22 00:00:00.000|Đăng ký xe máy|11|10|9|1|1|1|||-9
"40736513493612"|BVU20004.52 Trương Công Định|"2424340204"|F88 Fund|4|2024-11-08 00:00:00.000||2898000||1|2025-07-08 00:00:00.000|Đăng ký xe máy|7|6|5|1|1|1|||-26
"40554130090"|BVU22015.975 Bình Giã|"2459140732"|F88 Fund|5|2024-10-24 00:00:00.000||2140000||1|2025-05-24 00:00:00.000|Đăng ký xe máy|8|7|6|1|1|1|||-11
"40610151400"|BVU20005.66 Đường 30/04|"2342474826"|CIMB Fund|4|2024-10-23 00:00:00.000||2074713||1|2025-06-23 00:00:00.000|Đăng ký xe máy|7|6|5|1|1|1|Thap|0.3466017186648913|-10
"40698236053"|BVU22013.Hòa Long|"2414434071"|CIMB Fund|4|2024-10-20 00:00:00.000||791277||1|2025-06-20 00:00:00.000|Đăng ký xe máy|7|6|5|1|1|1|||-7
"40768896491"|BVU22011.669 Mỹ Xuân|"2345489042"|CIMB Fund|4|2024-11-06 00:00:00.000||1393037||1|2025-07-06 00:00:00.000|Đăng ký xe máy|7|6|5|1|1|1|||-24
"40631101698"|BVU20005.66 Đường 30/04|"2245739215"|F88 Fund|5|2024-10-20 00:00:00.000||1509000||1|2025-05-20 00:00:00.000|Đăng ký xe máy|8|7|6|1|1|1|Thap|0.3665557184526114|-7
"40252951174"|BVU22011.669 Mỹ Xuân|"2227996091"|F88 Fund|9|2024-10-16 00:00:00.000||2113000||1|2025-01-16 00:00:00.000|Đăng ký xe máy|12|11|10|1|1|1|Thap|0.3587728358313806|-3
"40501861709"|BVU22011.669 Mỹ Xuân|"2371593855"|F88 Fund|5|2024-10-16 00:00:00.000||2297000||1|2025-05-16 00:00:00.000|Đăng ký xe máy|8|7|6|1|1|1|||-3
"40169956962"|BVU20005.66 Đường 30/04|"2458227019"|CIMB Fund|9|2024-10-20 00:00:00.000||2590775||1|2025-01-20 00:00:00.000|Đăng ký xe máy|12|11|10|1|1|1|||-7
"40260640346"|BVU22011.669 Mỹ Xuân|"2458321461"|F88 Fund|9|2024-10-20 00:00:00.000||2083000||1|2025-01-20 00:00:00.000|Đăng ký xe máy|12|11|10|1|1|1|||-7
"40364516407"|BVU22015.975 Bình Giã|"2348020483"|CIMB Fund|7|2024-11-05 00:00:00.000||901965||1|2025-04-05 00:00:00.000|Đăng ký xe máy|10|9|8|1|1|1|||-23
"31289616945"|BVU20004.52 Trương Công Định|"2249961343"|F88 Fund|8|2024-10-20 00:00:00.000||2938000||1|2025-02-20 00:00:00.000|Đăng ký xe máy|11|10|9|1|1|1|Thap|0.3555402983663948|-7
"40739507317"|BVU22013.Hòa Long|"2469317547"|F88 Fund|4|2024-11-01 00:00:00.000||1948000||1|2025-07-01 00:00:00.000|Đăng ký xe máy|7|6|5|1|1|1|Thap|0.3478628600375688|-19
"40698284592"|BVU22013.Hòa Long|"2435170229"|F88 Fund|4|2024-10-16 00:00:00.000||1099000||1|2025-06-16 00:00:00.000|Đăng ký xe máy|7|6|5|1|1|1|||-3
"40676358211"|BVU20004.52 Trương Công Định|"2411580632"|F88 Fund|5|2024-11-12 00:00:00.000||11464125||1|2025-06-12 00:00:00.000|Đăng ký Ô tô|8|7|6|1|1|1|Thap|0.3783946483550268|-30
"40506018441"|BVU20005.66 Đường 30/04|"2387491218"|F88 Fund|5|2024-10-25 00:00:00.000||2691000||1|2026-05-25 00:00:00.000|Đăng ký xe máy|8|7|6|1|1|1|||-12
"40635905683"|BVU22015.975 Bình Giã|"2346068748"|F88 Fund|4|2024-10-20 00:00:00.000||1890000||1|2025-06-20 00:00:00.000|Đăng ký xe máy|7|6|5|1|1|1|||-7
"40168799431"|BVU20001.47 tổ 1, ấp Lò Vôi|"2469631531"|CIMB Fund|9|2024-10-25 00:00:00.000||2376961||1|2025-01-25 00:00:00.000|Đăng ký xe máy|12|11|10|1|1|1|||-12
"40345591611"|BVU22015.975 Bình Giã|"2463701376"|F88 Fund|8|2024-10-25 00:00:00.000||942000||1|2025-02-25 00:00:00.000|Đăng ký xe máy|11|10|9|1|1|1|||-12
"31101621924"|BVU22011.669 Mỹ Xuân|"2331379754"|F88 Fund|11|2024-10-15 00:00:00.000||3898000||1|2025-02-15 00:00:00.000|Đăng ký xe máy|14|13|12|1|1|1|||-2
"40477337485"|BVU22011.669 Mỹ Xuân|"2441666446"|F88 Fund|8|2024-11-13 00:00:00.000||2264000||1|2025-03-13 00:00:00.000|Đăng ký xe máy|11|10|9|1|1|1|||-31
"40382617388"|BVU22011.669 Mỹ Xuân|"2479191772"|F88 Fund|8|2024-11-02 00:00:00.000||1712000||1|2025-03-02 00:00:00.000|Đăng ký xe máy|11|10|9|1|1|1|||-20
"40636193772"|BVU22015.975 Bình Giã|"2463802790"|CIMB Fund|5|2024-11-10 00:00:00.000||1559837||1|2025-06-10 00:00:00.000|Đăng ký xe máy|8|7|6|1|1|1|Thap|0.3767373351459447|-28
"40348736081"|BVU20004.52 Trương Công Định|"2490018724"|F88 Fund|8|2024-11-05 00:00:00.000||1634000||1|2025-09-05 00:00:00.000|Đăng ký xe máy|11|10|9|1|1|1|||-23
"40745755441"|BVU22015.975 Bình Giã|"2436464806"|CIMB Fund|4|2024-11-02 00:00:00.000||1556582||1|2025-07-02 00:00:00.000|Đăng ký xe máy|7|6|5|1|1|1|Thap|0.352326562248934|-20
"40376012107"|BVU20001.47 tổ 1, ấp Lò Vôi|"202148378991"|CIMB Fund|8|2024-11-10 00:00:00.000||1233516||1|2025-03-10 00:00:00.000|Đăng ký xe máy|11|10|9|1|1|1|||-28
"40358460926"|BVU22013.Hòa Long|"202161662814"|F88 Fund|8|2024-11-04 00:00:00.000||2397000||1|2025-03-04 00:00:00.000|Đăng ký xe máy|11|10|9|1|1|1|Thap|0.3636313186631961|-22
"40392036573"|BVU22011.669 Mỹ Xuân|"2213587709"|F88 Fund|8|2024-11-05 00:00:00.000||999000||1|2025-03-05 00:00:00.000|Đăng ký xe máy|11|10|9|1|1|1|Thap|0.3367888808236299|-23
"40669752085"|BVU20004.52 Trương Công Định|"2418965213"|CIMB Fund|4|2024-10-19 00:00:00.000||3275713||1|2025-06-19 00:00:00.000|Đăng ký xe máy|7|6|5|1|1|1|||-6
"40732593959"|BVU22011.669 Mỹ Xuân|"2442964887"|F88 Fund|4|2024-10-25 00:00:00.000||1358000||1|2025-06-25 00:00:00.000|Đăng ký xe máy|7|6|5|1|1|1|||-12
"40445563705"|BVU22011.669 Mỹ Xuân|"2427541333"|CIMB Fund|7|2024-11-12 00:00:00.000||1132102||1|2025-04-12 00:00:00.000|Đăng ký xe máy|10|9|8|1|1|1|Thap|0.3681889121138202|-30
"40560362860"|BVU20001.47 tổ 1, ấp Lò Vôi|"2477617155"|F88 Fund|6|2024-11-11 00:00:00.000||2226000||1|2025-05-11 00:00:00.000|Đăng ký xe máy|9|8|7|1|1|1|||-29
"40655878017"|BVU22011.669 Mỹ Xuân|"2369052967"|F88 Fund|5|2024-10-18 00:00:00.000||3400000||1|2025-05-18 00:00:00.000|Đăng ký xe máy|8|7|6|1|1|1|||-5
"40566755187"|BVU22015.975 Bình Giã|"2488386442"|F88 Fund|7|2024-11-10 00:00:00.000||1509000||1|2025-04-10 00:00:00.000|Đăng ký xe máy|10|9|8|1|1|1|||-28
"40551046989"|BVU20004.52 Trương Công Định|"2325124993"|F88 Fund|5|2024-10-15 00:00:00.000||1273000||1|2025-05-15 00:00:00.000|Đăng ký xe máy|8|7|6|1|1|1|||-2
"40630769030"|BVU22011.669 Mỹ Xuân|"2218503446"|CIMB Fund|4|2024-10-16 00:00:00.000||1591688||1|2025-06-16 00:00:00.000|Đăng ký xe máy|7|6|5|1|1|1|||-3
"40136445821"|BVU22013.Hòa Long|"2423142744"|F88 Fund|9|2024-10-15 00:00:00.000||1298000||1|2025-01-15 00:00:00.000|Đăng ký xe máy|12|11|10|1|1|1|Thap|0.3610601982309369|-2
"31275076398"|BVU22013.Hòa Long|"2164782944"|F88 Fund|5|2024-10-17 00:00:00.000||1224000||1|2025-05-17 00:00:00.000|Đăng ký xe máy|8|7|6|1|1|1|||-4
"40703632106"|BVU22013.Hòa Long|"2328561571"|F88 Fund|4|2024-10-17 00:00:00.000||1224000||1|2025-06-17 00:00:00.000|Đăng ký xe máy|7|6|5|1|1|1|||-4
"40306889761"|BVU20004.52 Trương Công Định|"2291204913"|F88 Fund|8|2024-10-15 00:00:00.000||1087000||1|2025-02-15 00:00:00.000|Đăng ký xe máy|11|10|9|1|1|1|Thap|0.3796983845578905|-2
"40564753344"|BVU22011.669 Mỹ Xuân|"2455395069"|F88 Fund|5|2024-10-17 00:00:00.000||2264000||1|2025-05-17 00:00:00.000|Đăng ký xe máy|8|7|6|1|1|1|||-4
"40191245185"|BVU22015.975 Bình Giã|"2490355289"|F88 Fund|9|2024-10-20 00:00:00.000||2097000||1|2025-01-20 00:00:00.000|Đăng ký xe máy|12|11|10|1|1|1|Thap|0.3555402983663948|-7
"40285693691"|BVU20004.52 Trương Công Định|"2496012274"|F88 Fund|9|2024-11-06 00:00:00.000||1198000||1|2025-02-06 00:00:00.000|Đăng ký xe máy|12|11|10|1|1|1|||-24
"40294151918"|BVU22015.975 Bình Giã|"2493850647"|F88 Fund|9|2024-10-17 00:00:00.000||853000||1|2025-01-17 00:00:00.000|Đăng ký xe máy|12|11|10|1|1|1|Thap|0.3317773929094375|-4
"31101730272"|BVU22013.Hòa Long|"2363461726"|F88 Fund|4|2024-11-01 00:00:00.000||2122000||1|2025-07-01 00:00:00.000|Đăng ký xe máy|7|6|5|1|1|1|||-19
"40152040106"|BVU22013.Hòa Long|"2490234458"|CIMB Fund|10|2024-11-05 00:00:00.000||2331842||1|2025-04-05 00:00:00.000|Đăng ký xe máy|13|12|11|1|1|1|Thap|0.3434257232212958|-23
"40645616190"|BVU22011.669 Mỹ Xuân|"2471160247"|CIMB Fund|4|2024-10-17 00:00:00.000||3261715||1|2025-06-17 00:00:00.000|Đăng ký xe máy|7|6|5|1|1|1|||-4
"40100713825"|BVU22011.669 Mỹ Xuân|"2466654700"|CIMB Fund|9|2024-10-20 00:00:00.000||2327265||1|2025-01-20 00:00:00.000|Đăng ký xe máy|12|11|10|1|1|1|||-7
"40269281344"|BVU22011.669 Mỹ Xuân|"2457952204"|F88 Fund|9|2024-10-20 00:00:00.000||1324000||1|2025-01-20 00:00:00.000|Đăng ký xe máy|12|11|10|1|1|1|||-7
"40542305020"|BVU22011.669 Mỹ Xuân|"2487416031"|F88 Fund|6|2024-10-17 00:00:00.000||1087000||1|2025-04-17 00:00:00.000|Đăng ký xe máy|9|8|7|1|1|1|||-4
"40653872171"|BVU20005.66 Đường 30/04|"2414973189"|CIMB Fund|5|2024-11-10 00:00:00.000||1694470||1|2025-09-10 00:00:00.000|Đăng ký xe máy|8|7|6|1|1|1|Thap|0.3494587148218454|-28
"40142812546"|BVU20004.52 Trương Công Định|"2287020084"|F88 Fund|4|2024-10-17 00:00:00.000||1890000||1|2025-06-17 00:00:00.000|Đăng ký xe máy|7|6|5|1|1|1|||-4
"40130271252"|BVU22011.669 Mỹ Xuân|"2460970572"|CIMB Fund|9|2024-10-20 00:00:00.000||1745957||1|2025-01-20 00:00:00.000|Đăng ký xe máy|12|11|10|1|1|1|||-7
"40605044712"|BVU20004.52 Trương Công Định|"20840115"|CIMB Fund|5|2024-11-08 00:00:00.000||2597805||1|2025-06-08 00:00:00.000|Đăng ký xe máy|8|7|6|1|1|1|||-26
"40285414436"|BVU22011.669 Mỹ Xuân|"2245960586"|F88 Fund|9|2024-10-20 00:00:00.000||2535000||1|2025-01-20 00:00:00.000|Đăng ký xe máy|12|11|10|1|1|1|Thap|0.3787330264211389|-7
"40261526531"|BVU20001.47 tổ 1, ấp Lò Vôi|"2456522220"|F88 Fund|9|2024-11-05 00:00:00.000||856000||1|2025-02-05 00:00:00.000|Đăng ký xe máy|12|11|10|1|1|1|Thap|0.3600481250756482|-23
"40245495536"|BVU20004.52 Trương Công Định|"2417013529"|F88 Fund|9|2024-11-04 00:00:00.000||3405000||1|2025-08-04 00:00:00.000|Đăng ký xe máy|12|11|10|1|1|1|Thap|0.3609992715376499|-22
"31153705881"|BVU20001.47 tổ 1, ấp Lò Vôi|"202278682113"|F88 Fund|4|2024-11-02 00:00:00.000||1337000||1|2025-07-02 00:00:00.000|Đăng ký xe máy|7|6|5|1|1|1|||-20
"40619988528"|BVU20004.52 Trương Công Định|"2317693670"|CIMB Fund|5|2024-11-05 00:00:00.000||4492487||1|2025-06-05 00:00:00.000|Đăng ký xe máy|8|7|6|1|1|1|||-23
"40158420173"|BVU20005.66 Đường 30/04|"2314616538"|F88 Fund|9|2024-10-20 00:00:00.000||2392000||1|2025-01-20 00:00:00.000|Đăng ký xe máy|12|11|10|1|1|1|||-7
"40637705261"|BVU20004.52 Trương Công Định|"2445699347"|F88 Fund|4|2024-10-24 00:00:00.000||1113000||1|2025-06-24 00:00:00.000|Đăng ký xe máy|7|6|5|1|1|1|Thap|0.3665499399357126|-11
"40561050461"|BVU20004.52 Trương Công Định|"2471973382"|F88 Fund|5|2024-10-19 00:00:00.000||1029000||1|2025-05-19 00:00:00.000|Đăng ký xe máy|8|7|6|1|1|1|||-6
"31136805168"|BVU20005.66 Đường 30/04|"2387570211"|F88 Fund|5|2024-11-07 00:00:00.000||1582000||1|2025-06-07 00:00:00.000|Đăng ký xe máy|8|7|6|1|1|1|||-25
"40329540597"|BVU20004.52 Trương Công Định|"2287967457"|F88 Fund|4|2024-10-17 00:00:00.000||1858000||1|2025-06-17 00:00:00.000|Đăng ký xe máy|7|6|5|1|1|1|||-4
"40795602248"|BVU22011.669 Mỹ Xuân|"2453117610"|F88 Fund|5|2024-11-12 00:00:00.000||1238000||1|2025-06-12 00:00:00.000|Đăng ký xe máy|8|7|6|1|1|1|||-30
"40766836479"|BVU20004.52 Trương Công Định|"2365684143"|F88 Fund|4|2024-11-09 00:00:00.000||1698000||1|2025-07-09 00:00:00.000|Đăng ký xe máy|7|6|5|1|1|1|||-27
"31230868705"|BVU22013.Hòa Long|"2395200930"|F88 Fund|11|2024-11-10 00:00:00.000||1926000||1|2025-03-10 00:00:00.000|Đăng ký xe máy|14|13|12|1|1|1|||-28
"40235874711"|BVU22011.669 Mỹ Xuân|"2489490316"|F88 Fund|9|2024-10-15 00:00:00.000||2264000||1|2025-01-15 00:00:00.000|Đăng ký xe máy|12|11|10|1|1|1|||-2
"40658188825"|BVU20001.47 tổ 1, ấp Lò Vôi|"2435128599"|CIMB Fund|5|2024-11-06 00:00:00.000||3826216||1|2025-06-06 00:00:00.000|Đăng ký xe máy|8|7|6|1|1|1|||-24
"40798079216"|BVU22011.669 Mỹ Xuân|"2493616328"|F88 Fund|4|2024-10-16 00:00:00.000||1358000||1|2025-06-16 00:00:00.000|Đăng ký xe máy|7|6|5|1|1|1|Thap|0.3578242706120261|-3
"31031916204"|BVU22013.Hòa Long|"2331395954"|F88 Fund|12|2024-10-18 00:00:00.000||1322000||1|2025-04-18 00:00:00.000|Đăng ký xe máy|15|14|13|1|1|1|Thap|0.3754317768522009|-5
"40414152840"|BVU20005.66 Đường 30/04|"2487633581"|F88 Fund|7|2024-11-06 00:00:00.000||1969000||1|2025-04-06 00:00:00.000|Đăng ký xe máy|10|9|8|1|1|1|Thap|0.36167462425593|-24
"40179809842"|BVU20004.52 Trương Công Định|"2475817112"|F88 Fund|9|2024-10-16 00:00:00.000||1427000||1|2025-01-16 00:00:00.000|Đăng ký xe máy|12|11|10|1|1|1|Thap|0.3587671105168563|-3
"40640893752"|BVU20001.47 tổ 1, ấp Lò Vôi|"21708225"|F88 Fund|5|2024-10-18 00:00:00.000||906000||1|2025-05-18 00:00:00.000|Đăng ký xe máy|8|7|6|1|1|1|||-5
"40597364264"|BVU22015.975 Bình Giã|"2423754263"|F88 Fund|6|2024-11-10 00:00:00.000||1449000||1|2025-05-10 00:00:00.000|Đăng ký xe máy|9|8|7|1|1|1|||-28
"31053813424"|BVU20004.52 Trương Công Định|"2317938685"|F88 Fund|5|2024-10-25 00:00:00.000||1543000||1|2025-05-25 00:00:00.000|Đăng ký xe máy|8|7|6|1|1|1|||-12
"40508944933"|BVU20001.47 tổ 1, ấp Lò Vôi|"2318659389"|F88 Fund|6|2024-11-03 00:00:00.000||1956000||1|2025-05-03 00:00:00.000|Đăng ký xe máy|9|8|7|1|1|1|Thap|0.3783946483550268|-21
"40450761513"|BVU22015.975 Bình Giã|"2313659516"|F88 Fund|7|2024-10-25 00:00:00.000||3158000||1|2025-09-25 00:00:00.000|Đăng ký xe máy|10|9|8|1|1|1|||-12
"40782713361"|BVU20004.52 Trương Công Định|"2487266504"|CIMB Fund|4|2024-11-06 00:00:00.000||4477447||1|2025-07-06 00:00:00.000|Đăng ký xe máy|7|6|5|1|1|1|||-24
"31226559505"|BVU20005.66 Đường 30/04|"2382980525"|F88 Fund|10|2024-10-19 00:00:00.000||1702000||1|2025-06-19 00:00:00.000|Đăng ký xe máy|13|12|11|1|1|1|Thap|0.3459392580634095|-6
"40434739481"|BVU22013.Hòa Long|"2426960987"|F88 Fund|7|2024-11-10 00:00:00.000||3047000||1|2025-04-10 00:00:00.000|Đăng ký xe máy|10|9|8|1|1|1|Thap|0.3668897583098785|-28
"40605770057"|BVU20004.52 Trương Công Định|"2496484287"|CIMB Fund|5|2024-11-03 00:00:00.000||1372842||1|2025-06-03 00:00:00.000|Đăng ký xe máy|8|7|6|1|1|1|||-21
"40150590578"|BVU22013.Hòa Long|"2423319276"|CIMB Fund|9|2024-10-20 00:00:00.000||741771||1|2025-01-20 00:00:00.000|Đăng ký xe máy|12|11|10|1|1|1|Thap|0.3466017186648913|-7
"40510033339"|BVU20001.47 tổ 1, ấp Lò Vôi|"2499533948"|F88 Fund|5|2024-10-17 00:00:00.000||13313204||1|2025-05-17 00:00:00.000|Đăng ký Ô tô|8|7|6|1|1|1|Thap|0.3620125058781607|-4
"40764909561"|BVU20001.47 tổ 1, ấp Lò Vôi|"2489373648"|F88 Fund|4|2024-11-06 00:00:00.000||1312000||1|2025-07-06 00:00:00.000|Đăng ký xe máy|7|6|5|1|1|1|Thap|0.3770809758672804|-24
"40626036820"|BVU22015.975 Bình Giã|"2485313304"|CIMB Fund|4|2024-10-20 00:00:00.000||1708648||1|2025-06-20 00:00:00.000|Đăng ký xe máy|7|6|5|1|1|1|||-7
"40720131054"|BVU20004.52 Trương Công Định|"20110959"|F88 Fund|4|2024-11-12 00:00:00.000||5503562||1|2025-04-12 00:00:00.000|Đăng ký Ô tô|7|6|5|1|1|1|||-30
"31073118163"|BVU20005.66 Đường 30/04|"2268900727"|F88 Fund|9|2024-10-20 00:00:00.000||2160000||1|2025-01-20 00:00:00.000|Đăng ký xe máy|12|11|10|1|1|1|||-7
"40156979909"|BVU20004.52 Trương Công Định|"21219186"|F88 Fund|7|2024-11-05 00:00:00.000||2314000||1|2025-04-05 00:00:00.000|Đăng ký xe máy|10|9|8|1|1|1|||-23
"40124575509"|BVU22015.975 Bình Giã|"2468343060"|CIMB Fund|9|2024-10-16 00:00:00.000||1648491||1|2025-01-16 00:00:00.000|Đăng ký xe máy|12|11|10|1|1|1|||-3
"40517130734"|BVU22011.669 Mỹ Xuân|"2374162577"|F88 Fund|6|2024-11-03 00:00:00.000||1109000||1|2025-05-03 00:00:00.000|Đăng ký xe máy|9|8|7|1|1|1|Thap|0.3594406362977285|-21
"40572586282"|BVU22015.975 Bình Giã|"2330414970"|F88 Fund|6|2024-11-03 00:00:00.000||2529000||1|2025-08-03 00:00:00.000|Đăng ký xe máy|9|8|7|1|1|1|||-21
"40641184273"|BVU22013.Hòa Long|"2152024967"|F88 Fund|5|2024-10-15 00:00:00.000||2122000||1|2025-05-15 00:00:00.000|Đăng ký xe máy|8|7|6|1|1|1|||-2
"40481121202"|BVU22013.Hòa Long|"2282921180"|F88 Fund|5|2024-10-25 00:00:00.000||2040000||1|2025-05-25 00:00:00.000|Đăng ký xe máy|8|7|6|1|1|1|||-12
"40152781368"|BVU22011.669 Mỹ Xuân|"2354161738"|F88 Fund|9|2024-10-15 00:00:00.000||1598000||1|2025-01-15 00:00:00.000|Đăng ký xe máy|12|11|10|1|1|1|Thap|0.3626829257951098|-2
"40653358092"|BVU22015.975 Bình Giã|"2434315122"|CIMB Fund|5|2024-10-24 00:00:00.000||1431593||1|2025-05-24 00:00:00.000|Đăng ký xe máy|8|7|6|1|1|1|||-11
"40578905791"|BVU20005.66 Đường 30/04|"2469527194"|F88 Fund|5|2024-10-22 00:00:00.000||1027000||1|2025-05-22 00:00:00.000|Đăng ký xe máy|8|7|6|1|1|1|||-9
"40792196946"|BVU20005.66 Đường 30/04|"2465029926"|CIMB Fund|4|2024-11-11 00:00:00.000||1556582||1|2025-07-11 00:00:00.000|Đăng ký xe máy|7|6|5|1|1|1|||-29
"40712931974"|BVU20004.52 Trương Công Định|"2488112482"|F88 Fund|4|2024-11-11 00:00:00.000||4280000||1|2025-07-11 00:00:00.000|Đăng ký xe máy|7|6|5|1|1|1|||-29
"40530140624"|BVU22015.975 Bình Giã|"2435418096"|F88 Fund|6|2024-11-05 00:00:00.000||1509000||1|2025-05-05 00:00:00.000|Đăng ký xe máy|9|8|7|1|1|1|||-23
"40602773558"|BVU22015.975 Bình Giã|"2376839891"|F88 Fund|4|2024-10-15 00:00:00.000||2049000||1|2025-09-15 00:00:00.000|Đăng ký xe máy|7|6|5|1|1|1|||-2
"30230182992"|BVU22013.Hòa Long|"2232441814"|F88 Fund|11|2024-10-15 00:00:00.000||2210000||1|2025-05-15 00:00:00.000|Đăng ký xe máy|14|13|12|1|1|1|Thap|0.372764348327969|-2
"40443806582"|BVU22011.669 Mỹ Xuân|"2255824370"|F88 Fund|6|2024-10-25 00:00:00.000||1306000||1|2025-04-25 00:00:00.000|Đăng ký xe máy|9|8|7|1|1|1|||-12
"40273655500"|BVU22015.975 Bình Giã|"2423442816"|F88 Fund|9|2024-11-03 00:00:00.000||2854000||1|2025-02-04 00:00:00.000|Đăng ký xe máy|12|11|10|1|1|1|||-21
"40236255333"|BVU20001.47 tổ 1, ấp Lò Vôi|"2263488200"|F88 Fund|9|2024-11-05 00:00:00.000||1627000||1|2025-02-05 00:00:00.000|Đăng ký xe máy|12|11|10|1|1|1|||-23
"40684002924"|BVU20001.47 tổ 1, ấp Lò Vôi|"2444483218"|CIMB Fund|4|2024-10-21 00:00:00.000||3639588||1|2025-06-21 00:00:00.000|Đăng ký xe máy|7|6|5|1|1|1|Thap|0.3718060525787488|-8
"40631224232"|BVU22011.669 Mỹ Xuân|"2378151805"|CIMB Fund|4|2024-11-05 00:00:00.000||1771815||1|2025-07-05 00:00:00.000|Đăng ký xe máy|7|6|5|1|1|1|||-23
"31184775170"|BVU20005.66 Đường 30/04|"2343423618"|F88 Fund|8|2024-11-01 00:00:00.000||3427000||1|2025-03-01 00:00:00.000|Đăng ký xe máy|11|10|9|1|1|1|Thap|0.3507246716712241|-19
"40670622216"|BVU20005.66 Đường 30/04|"2483943275"|F88 Fund|5|2024-11-14 00:00:00.000||742000||1|2025-06-14 00:00:00.000|Đăng ký xe máy|8|7|6|1|1|1|||-1
"40386315291"|BVU22013.Hòa Long|"2411369357"|F88 Fund|8|2024-11-11 00:00:00.000||1762000||1|2025-03-11 00:00:00.000|Đăng ký xe máy|11|10|9|1|1|1|||-29
"40157075339"|BVU22011.669 Mỹ Xuân|"2314195845"|F88 Fund|9|2024-10-16 00:00:00.000||942000||1|2025-01-16 00:00:00.000|Đăng ký xe máy|12|11|10|1|1|1|Thap|0.3197466079208114|-3
"40492425251"|BVU22013.Hòa Long|"2377212750"|F88 Fund|5|2024-10-25 00:00:00.000||2366000||1|2025-05-25 00:00:00.000|Đăng ký xe máy|8|7|6|1|1|1|||-12
"40618231874"|BVU22011.669 Mỹ Xuân|"2495996063"|F88 Fund|4|2024-10-24 00:00:00.000||2854000||1|2025-06-24 00:00:00.000|Đăng ký xe máy|7|6|5|1|1|1|||-11
"40529737030"|BVU20004.52 Trương Công Định|"2446508434"|F88 Fund|6|2024-11-08 00:00:00.000||2113000||1|2025-05-08 00:00:00.000|Đăng ký xe máy|9|8|7|1|1|1|||-26
"31181601809"|BVU20005.66 Đường 30/04|"2343103687"|F88 Fund|4|2024-10-16 00:00:00.000||2687000||1|2025-09-16 00:00:00.000|Đăng ký xe máy|7|6|5|1|1|1|||-3
"40781476608"|BVU20001.47 tổ 1, ấp Lò Vôi|"2293319467"|CIMB Fund|4|2024-10-24 00:00:00.000||911153||1|2025-06-24 00:00:00.000|Đăng ký xe máy|7|6|5|1|1|1|||-11
"40215274476"|BVU22011.669 Mỹ Xuân|"202241699349"|CIMB Fund|9|2024-11-10 00:00:00.000||4195144||1|2025-02-10 00:00:00.000|Đăng ký xe máy|12|11|10|1|1|1|||-28
"40390377528"|BVU20005.66 Đường 30/04|"2452924132"|F88 Fund|8|2024-11-07 00:00:00.000||2483000||1|2025-03-07 00:00:00.000|Đăng ký xe máy|11|10|9|1|1|1|Thap|0.3714585418391148|-25
"40698405091"|BVU22011.669 Mỹ Xuân|"2493560233"|F88 Fund|5|2024-10-16 00:00:00.000||1509000||1|2025-05-16 00:00:00.000|Đăng ký xe máy|8|7|6|1|1|1|Thap|0.3770809758672804|-3
"40636590958"|BVU20001.47 tổ 1, ấp Lò Vôi|"2469541440"|CIMB Fund|4|2024-10-24 00:00:00.000||2447553||1|2025-06-24 00:00:00.000|Đăng ký xe máy|7|6|5|1|1|1|||-11
"40667764564"|BVU22013.Hòa Long|"2243413424"|CIMB Fund|4|2024-10-15 00:00:00.000||2267035||1|2025-06-15 00:00:00.000|Đăng ký xe máy|7|6|5|1|1|1|Thap|0.3277592513550902|-2
"40610064177"|BVU20004.52 Trương Công Định|"2416384617"|F88 Fund|4|2024-10-24 00:00:00.000||1427000||1|2025-06-24 00:00:00.000|Đăng ký xe máy|7|6|5|1|1|1|||-11
"40314168900"|BVU20004.52 Trương Công Định|"2363970669"|F88 Fund|4|2024-11-08 00:00:00.000||1697000||1|2025-07-08 00:00:00.000|Đăng ký xe máy|7|6|5|1|1|1|||-26
"40607021023"|BVU20001.47 tổ 1, ấp Lò Vôi|"2497134110"|CIMB Fund|5|2024-11-11 00:00:00.000||1637754||1|2025-06-11 00:00:00.000|Đăng ký xe máy|8|7|6|1|1|1|||-29
"31065020009"|BVU20005.66 Đường 30/04|"21409517"|F88 Fund|4|2024-11-04 00:00:00.000||1714000||1|2025-07-04 00:00:00.000|Đăng ký xe máy|7|6|5|1|1|1|||-22
"40218798241"|BVU20004.52 Trương Công Định|"2486543716"|CIMB Fund|9|2024-11-12 00:00:00.000||2761233||1|2025-02-12 00:00:00.000|Đăng ký xe máy|12|11|10|1|1|1|Thap|0.3636370775821091|-30
"40537145469"|BVU22013.Hòa Long|"2254462844"|F88 Fund|5|2024-10-16 00:00:00.000||856000||1|2025-05-16 00:00:00.000|Đăng ký xe máy|8|7|6|1|1|1|Thap|0.338360291681214|-3
"40656892960"|BVU20001.47 tổ 1, ấp Lò Vôi|"2411576720"|CIMB Fund|5|2024-11-02 00:00:00.000||1029470||1|2025-06-02 00:00:00.000|Đăng ký xe máy|8|7|6|1|1|1|Thap|0.3780505370266641|-20
"40547425603"|BVU20004.52 Trương Công Định|"2465104699"|F88 Fund|5|2024-10-20 00:00:00.000||1427000||1|2025-05-20 00:00:00.000|Đăng ký xe máy|8|7|6|1|1|1|||-7
"40210335386"|BVU22015.975 Bình Giã|"2417422520"|F88 Fund|9|2024-11-06 00:00:00.000||1427000||1|2025-02-06 00:00:00.000|Đăng ký xe máy|12|11|10|1|1|1|Thap|0.3430958601428257|-24
"40209614053"|BVU20005.66 Đường 30/04|"2449694129"|CIMB Fund|8|2024-10-25 00:00:00.000||2075659||1|2025-02-25 00:00:00.000|Đăng ký xe máy|11|10|9|1|1|1|||-12
"40448625134"|BVU20005.66 Đường 30/04|"2460146316"|CIMB Fund|7|2024-10-16 00:00:00.000||4240779||1|2025-03-16 00:00:00.000|Đăng ký xe máy|10|9|8|1|1|1|Thap|0.3636313186631961|-3
"40885883732686"|BVU22015.975 Bình Giã|"2358496573"|F88 Fund|4|2024-11-07 00:00:00.000||938000||1|2025-07-07 00:00:00.000|Đăng ký xe máy|7|6|5|1|1|1|||-25
"40225872101"|BVU20005.66 Đường 30/04|"2316420720"|CIMB Fund|8|2024-10-23 00:00:00.000||1235565||1|2025-02-23 00:00:00.000|Đăng ký xe máy|11|10|9|1|1|1|||-10
"40433866413"|BVU20005.66 Đường 30/04|"2426884873"|CIMB Fund|8|2024-11-12 00:00:00.000||2193938||1|2025-03-12 00:00:00.000|Đăng ký xe máy|11|10|9|1|1|1|||-30
"31167825487"|BVU20004.52 Trương Công Định|"2376004714"|F88 Fund|6|2024-11-10 00:00:00.000||1890000||1|2025-05-10 00:00:00.000|Đăng ký xe máy|9|8|7|1|1|1|||-28
"31133448158"|BVU20005.66 Đường 30/04|"20110524"|F88 Fund|6|2024-11-11 00:00:00.000||2160000||1|2025-05-11 00:00:00.000|Đăng ký xe máy|9|8|7|1|1|1|||-29
"40666161484"|BVU20005.66 Đường 30/04|"202148262261"|F88 Fund|5|2024-10-16 00:00:00.000||951000||1|2025-05-16 00:00:00.000|Đăng ký xe máy|8|7|6|1|1|1|Thap|0.3402636748196977|-3
"40637788183"|BVU22013.Hòa Long|"2432619217"|CIMB Fund|5|2024-11-06 00:00:00.000||2601953||1|2025-06-06 00:00:00.000|Đăng ký xe máy|8|7|6|1|1|1|Thap|0.3662160305060067|-24
"40616870027"|BVU22015.975 Bình Giã|"2454562177"|F88 Fund|5|2024-10-15 00:00:00.000||906000||1|2025-05-15 00:00:00.000|Đăng ký xe máy|8|7|6|1|1|1|Thap|0.3552050942698157|-2
"31018458458"|BVU20005.66 Đường 30/04|"2331465718"|F88 Fund|5|2024-11-11 00:00:00.000||1620000||1|2025-06-11 00:00:00.000|Đăng ký xe máy|8|7|6|1|1|1|||-29
"40712847127"|BVU22011.669 Mỹ Xuân|"2385584929"|F88 Fund|4|2024-11-10 00:00:00.000||4195000||1|2025-07-10 00:00:00.000|Đăng ký xe máy|7|6|5|1|1|1|||-28
"40687489892"|BVU20005.66 Đường 30/04|"2340903297"|F88 Fund|5|2024-11-11 00:00:00.000||1027000||1|2025-06-11 00:00:00.000|Đăng ký xe máy|8|7|6|1|1|1|||-29
"40757544433546"|BVU22015.975 Bình Giã|"2391764673"|F88 Fund|4|2024-11-02 00:00:00.000||1809000||1|2025-07-02 00:00:00.000|Đăng ký xe máy|7|6|5|1|1|1|||-20
"31196551707"|BVU20001.47 tổ 1, ấp Lò Vôi|"2164782743"|F88 Fund|4|2024-11-04 00:00:00.000||938000||1|2025-07-04 00:00:00.000|Đăng ký xe máy|7|6|5|1|1|1|||-22
"40517925421"|BVU20004.52 Trương Công Định|"21200042"|F88 Fund|6|2024-11-01 00:00:00.000||972000||1|2025-05-02 00:00:00.000|Đăng ký xe máy|9|8|7|1|1|1|||-19
"40604770703"|BVU20001.47 tổ 1, ấp Lò Vôi|"2473258160"|CIMB Fund|4|2024-10-16 00:00:00.000||7309594||1|2025-06-16 00:00:00.000|Đăng ký Ô tô|7|6|5|1|1|1|||-3
"40582637484"|BVU20001.47 tổ 1, ấp Lò Vôi|"2248132966"|F88 Fund|4|2024-11-13 00:00:00.000||2312000||1|2025-07-13 00:00:00.000|Đăng ký xe máy|7|6|5|1|1|1|||-31
"40639199791"|BVU22013.Hòa Long|"2469433956"|CIMB Fund|5|2024-11-01 00:00:00.000||1123778||1|2025-06-01 00:00:00.000|Đăng ký xe máy|8|7|6|1|1|1|Thap|0.3705016201214929|-19
"40358723007"|BVU20004.52 Trương Công Định|"2476030841"|F88 Fund|8|2024-11-13 00:00:00.000||4280000||1|2025-03-13 00:00:00.000|Đăng ký xe máy|11|10|9|1|1|1|||-31
"40691782353"|BVU22015.975 Bình Giã|"2361603387"|F88 Fund|6|2024-11-08 00:00:00.000||2475000||1|2025-05-08 00:00:00.000|Đăng ký xe máy|9|8|7|1|1|1|||-26
"40623966592"|BVU22015.975 Bình Giã|"2424800355"|F88 Fund|5|2024-11-06 00:00:00.000||856000||1|2025-06-06 00:00:00.000|Đăng ký xe máy|8|7|6|1|1|1|||-24
"40433470030"|BVU22013.Hòa Long|"2362488526"|F88 Fund|6|2024-10-21 00:00:00.000||1383000||1|2025-04-21 00:00:00.000|Đăng ký xe máy|9|8|7|1|1|1|Thap|0.3471992698510978|-8
"40540688645"|BVU20001.47 tổ 1, ấp Lò Vôi|"2474732032"|F88 Fund|6|2024-10-22 00:00:00.000||2264000||1|2025-04-22 00:00:00.000|Đăng ký xe máy|9|8|7|1|1|1|||-9
"40675999595"|BVU20004.52 Trương Công Định|"2244102895"|CIMB Fund|4|2024-10-17 00:00:00.000||1183775||1|2025-06-17 00:00:00.000|Đăng ký xe máy|7|6|5|1|1|1|Thap|0.3763938183625729|-4
"40620763612"|BVU20005.66 Đường 30/04|"2484639054"|F88 Fund|5|2024-10-24 00:00:00.000||1883000||1|2025-05-24 00:00:00.000|Đăng ký xe máy|8|7|6|1|1|1|||-11
"40619478306"|BVU22015.975 Bình Giã|"2494526939"|CIMB Fund|6|2024-11-12 00:00:00.000||1385986||1|2025-05-12 00:00:00.000|Đăng ký xe máy|9|8|7|1|1|1|||-30
"31078098780"|BVU20005.66 Đường 30/04|"2258349054"|F88 Fund|6|2024-11-08 00:00:00.000||2057000||1|2025-05-08 00:00:00.000|Đăng ký xe máy|9|8|7|1|1|1|Thap|0.3584362791332378|-26
"40562310022"|BVU20004.52 Trương Công Định|"2425332078"|F88 Fund|6|2024-11-06 00:00:00.000||1427000||1|2025-05-06 00:00:00.000|Đăng ký xe máy|9|8|7|1|1|1|Thap|0.3443509679444371|-24
"40774887271"|BVU22015.975 Bình Giã|"2368186525"|F88 Fund|4|2024-10-25 00:00:00.000||2380000||1|2025-06-25 00:00:00.000|Đăng ký xe máy|7|6|5|1|1|1|Thap|0.3797042461065258|-12
"40705862295"|BVU20005.66 Đường 30/04|"2234606008"|CIMB Fund|4|2024-11-10 00:00:00.000||3103387||1|2025-07-10 00:00:00.000|Đăng ký xe máy|7|6|5|1|1|1|||-28
"31056646224"|BVU20005.66 Đường 30/04|"2263898609"|F88 Fund|7|2024-11-02 00:00:00.000||1333000||1|2025-04-02 00:00:00.000|Đăng ký xe máy|10|9|8|1|1|1|Thap|0.3440206818096954|-20
"40306472769"|BVU20001.47 tổ 1, ấp Lò Vôi|"2495103805"|F88 Fund|9|2024-11-09 00:00:00.000||1509000||1|2025-02-09 00:00:00.000|Đăng ký xe máy|12|11|10|1|1|1|||-27
"40101179105"|BVU22011.669 Mỹ Xuân|"2417284182"|CIMB Fund|9|2024-11-02 00:00:00.000||2636740||1|2025-02-02 00:00:00.000|Đăng ký xe máy|12|11|10|1|1|1|||-20
"31150854386571"|BVU20004.52 Trương Công Định|"2354929876"|F88 Fund|4|2024-11-13 00:00:00.000||2285000||1|2025-07-13 00:00:00.000|Đăng ký xe máy|7|6|5|1|1|1|||-31
"40772372587"|BVU20005.66 Đường 30/04|"2362925541"|F88 Fund|4|2024-11-10 00:00:00.000||2264000||1|2025-07-10 00:00:00.000|Đăng ký xe máy|7|6|5|1|1|1|||-28
"40755430514"|BVU22015.975 Bình Giã|"2384058643"|F88 Fund|4|2024-11-01 00:00:00.000||1999000||1|2025-07-01 00:00:00.000|Đăng ký xe máy|7|6|5|1|1|1|||-19
"40562785071"|BVU22013.Hòa Long|"2435847086"|F88 Fund|7|2024-11-12 00:00:00.000||2286000||1|2025-04-12 00:00:00.000|Đăng ký xe máy|10|9|8|1|1|1|Thap|0.3731065345178327|-30
"40265866224"|BVU22011.669 Mỹ Xuân|"2476144494"|F88 Fund|8|2024-10-23 00:00:00.000||985000||1|2025-02-23 00:00:00.000|Đăng ký xe máy|11|10|9|1|1|1|Thap|0.353268570795431|-10
"40564856157"|BVU22015.975 Bình Giã|"2390377079"|F88 Fund|6|2024-11-10 00:00:00.000||1598000||1|2025-05-10 00:00:00.000|Đăng ký xe máy|9|8|7|1|1|1|||-28
"40727276702"|BVU20005.66 Đường 30/04|"202110574264"|F88 Fund|4|2024-11-06 00:00:00.000||3187000||1|2025-10-06 00:00:00.000|Đăng ký xe máy|7|6|5|1|1|1|||-24
"40531576123"|BVU22015.975 Bình Giã|"2362030379"|F88 Fund|6|2024-11-10 00:00:00.000||5599000||1|2025-05-10 00:00:00.000|Đăng ký xe máy|9|8|7|1|1|1|||-28
"40773101073"|BVU20004.52 Trương Công Định|"2141184140"|F88 Fund|4|2024-11-05 00:00:00.000||1904000||1|2025-07-05 00:00:00.000|Đăng ký xe máy|7|6|5|1|1|1|||-23
"40765271967644"|BVU20004.52 Trương Công Định|"2488973631"|CIMB Fund|4|2024-11-06 00:00:00.000||1568522||1|2025-07-06 00:00:00.000|Đăng ký xe máy|7|6|5|1|1|1|||-24
"40524562255"|BVU22015.975 Bình Giã|"2434685747"|F88 Fund|6|2024-10-22 00:00:00.000||1207000||1|2025-04-22 00:00:00.000|Đăng ký xe máy|9|8|7|1|1|1|||-9
"40652580495"|BVU20001.47 tổ 1, ấp Lò Vôi|"2495862330"|F88 Fund|6|2024-11-13 00:00:00.000||2354000||1|2025-05-13 00:00:00.000|Đăng ký xe máy|9|8|7|1|1|1|||-31
"40682695108"|BVU22013.Hòa Long|"2454371600"|F88 Fund|4|2024-10-16 00:00:00.000||1113000||1|2025-06-16 00:00:00.000|Đăng ký xe máy|7|6|5|1|1|1|Thap|0.3459392580634095|-3
"40217538152"|BVU20004.52 Trương Công Định|"2260700968"|F88 Fund|9|2024-11-10 00:00:00.000||1639000||1|2025-05-10 00:00:00.000|Đăng ký xe máy|12|11|10|1|1|1|||-28
"40511529687"|BVU22013.Hòa Long|"2421502916"|F88 Fund|7|2024-11-10 00:00:00.000||836000||1|2025-04-10 00:00:00.000|Đăng ký xe máy|10|9|8|1|1|1|Thap|0.3465419084875088|-28
"40806367879692"|BVU20005.66 Đường 30/04|"2411313146"|F88 Fund|4|2024-11-08 00:00:00.000||3006000||1|2025-07-08 00:00:00.000|Đăng ký xe máy|7|6|5|1|1|1|||-26
"40463785360"|BVU20004.52 Trương Công Định|"2439416326"|CIMB Fund|6|2024-10-15 00:00:00.000||3003007||1|2025-04-15 00:00:00.000|Đăng ký xe máy|9|8|7|1|1|1|Thap|0.372764348327969|-2
"40526750869"|BVU22015.975 Bình Giã|"2388863033"|F88 Fund|6|2024-10-15 00:00:00.000||2176000||1|2025-04-15 00:00:00.000|Đăng ký xe máy|9|8|7|1|1|1|||-2
"31055367999"|BVU20005.66 Đường 30/04|"2245120179"|F88 Fund|6|2024-11-13 00:00:00.000||1854000||1|2025-05-13 00:00:00.000|Đăng ký xe máy|9|8|7|1|1|1|||-31
"40687007612960"|BVU20005.66 Đường 30/04|"2417252097"|F88 Fund|4|2024-11-12 00:00:00.000||13758904||1|2025-07-12 00:00:00.000|Đăng ký Ô tô|7|6|5|1|1|1|Thap|0.3632985431166455|-30
"30942788527"|BVU22011.669 Mỹ Xuân|"2210338831"|CIMB Fund|14|2024-11-13 00:00:00.000||1760582||1|2025-03-13 00:00:00.000|Đăng ký xe máy|17|16|15|1|1|1|Thap|0.3399352764454768|-31
"40251702472"|BVU22013.Hòa Long|"2410903745"|F88 Fund|8|2024-10-23 00:00:00.000||856000||1|2025-02-23 00:00:00.000|Đăng ký xe máy|11|10|9|1|1|1|Thap|0.3487993613082014|-10
"40321140322"|BVU22011.669 Mỹ Xuân|"2435686594"|CIMB Fund|7|2024-10-20 00:00:00.000||1663645||1|2025-03-20 00:00:00.000|Đăng ký xe máy|10|9|8|1|1|1|||-7
"40314152403"|BVU20005.66 Đường 30/04|"2464351916"|CIMB Fund|8|2024-11-06 00:00:00.000||2026502||1|2025-03-06 00:00:00.000|Đăng ký xe máy|11|10|9|1|1|1|||-24
"40499870364"|BVU20001.47 tổ 1, ấp Lò Vôi|"2314183865"|F88 Fund|7|2024-11-02 00:00:00.000||1358000||1|2025-04-02 00:00:00.000|Đăng ký xe máy|10|9|8|1|1|1|Thap|0.3714643523601612|-20
"40541928305"|BVU20001.47 tổ 1, ấp Lò Vôi|"2461400403"|F88 Fund|5|2024-10-16 00:00:00.000||1902000||1|2025-05-16 00:00:00.000|Đăng ký xe máy|8|7|6|1|1|1|Thap|0.3731065345178327|-3
"31172090459"|BVU20005.66 Đường 30/04|"202170998626"|F88 Fund|5|2024-11-03 00:00:00.000||5770879||1|2025-06-03 00:00:00.000|Đăng ký Ô tô|8|7|6|1|1|1|||-21
"40278939795"|BVU22011.669 Mỹ Xuân|"2414678207"|F88 Fund|9|2024-10-20 00:00:00.000||2264000||1|2025-01-20 00:00:00.000|Đăng ký xe máy|12|11|10|1|1|1|||-7
"40380306852"|BVU22013.Hòa Long|"2315001997"|F88 Fund|8|2024-11-08 00:00:00.000||942000||1|2025-03-08 00:00:00.000|Đăng ký xe máy|11|10|9|1|1|1|||-26
"30674035809"|BVU22013.Hòa Long|"2376845395"|F88 Fund|9|2024-10-15 00:00:00.000||2190000||1|2025-01-15 00:00:00.000|Đăng ký xe máy|12|11|10|1|1|1|Thap|0.3688641570425781|-2
"40498405931"|BVU22013.Hòa Long|"2399734088"|F88 Fund|5|2024-10-19 00:00:00.000||669000||1|2025-05-19 00:00:00.000|Đăng ký xe máy|8|7|6|1|1|1|||-6
"31129865228"|BVU20005.66 Đường 30/04|"2243326031"|F88 Fund|6|2024-11-10 00:00:00.000||2448000||1|2025-05-10 00:00:00.000|Đăng ký xe máy|9|8|7|1|1|1|||-28
"40455920787"|BVU22011.669 Mỹ Xuân|"2482374235"|CIMB Fund|7|2024-11-12 00:00:00.000||1096707||1|2025-04-12 00:00:00.000|Đăng ký xe máy|10|9|8|1|1|1|||-30
"40156662334"|BVU20005.66 Đường 30/04|"2432043215"|CIMB Fund|10|2024-11-04 00:00:00.000||2798077||1|2025-07-04 00:00:00.000|Đăng ký xe máy|13|12|11|1|1|1|Thap|0.3649255849392272|-22
"31234763920"|BVU22015.975 Bình Giã|"2332686854"|F88 Fund|10|2024-10-18 00:00:00.000||2211000||1|2025-03-18 00:00:00.000|Đăng ký xe máy|13|12|11|1|1|1|||-5
"40425154615"|BVU20001.47 tổ 1, ấp Lò Vôi|"2385680858"|F88 Fund|6|2024-10-16 00:00:00.000||1627000||1|2025-04-16 00:00:00.000|Đăng ký xe máy|9|8|7|1|1|1|||-3
"40621528767"|BVU22015.975 Bình Giã|"2431674613"|CIMB Fund|4|2024-10-20 00:00:00.000||2387676||1|2025-06-20 00:00:00.000|Đăng ký xe máy|7|6|5|1|1|1|||-7
"31173801733"|BVU22011.669 Mỹ Xuân|"2262130703"|F88 Fund|11|2024-10-20 00:00:00.000||1874000||1|2025-02-20 00:00:00.000|Đăng ký xe máy|14|13|12|1|1|1|Thap|0.3734430246833553|-7
"40308275769"|BVU22015.975 Bình Giã|"2497849282"|F88 Fund|8|2024-11-11 00:00:00.000||1027000||1|2025-03-11 00:00:00.000|Đăng ký xe máy|11|10|9|1|1|1|||-29
"40566482399"|BVU22011.669 Mỹ Xuân|"2364953708"|F88 Fund|6|2024-10-15 00:00:00.000||2113000||1|2025-04-15 00:00:00.000|Đăng ký xe máy|9|8|7|1|1|1|||-2
"40339881375"|BVU22013.Hòa Long|"2238376671"|F88 Fund|4|2024-11-12 00:00:00.000||1800000||1|2025-07-12 00:00:00.000|Đăng ký xe máy|7|6|5|1|1|1|Thap|0.3526605356170217|-30
"40787448656"|BVU20004.52 Trương Công Định|"2343248763"|F88 Fund|4|2024-11-06 00:00:00.000||1466000||1|2025-07-06 00:00:00.000|Đăng ký xe máy|7|6|5|1|1|1|||-24
"40573919684"|BVU20005.66 Đường 30/04|"2479320215"|F88 Fund|5|2024-10-25 00:00:00.000||1764000||1|2025-05-25 00:00:00.000|Đăng ký xe máy|8|7|6|1|1|1|Thap|0.3523322412569226|-12
"40451992590"|BVU20004.52 Trương Công Định|"2278701725"|F88 Fund|7|2024-10-25 00:00:00.000||619000||1|2025-03-25 00:00:00.000|Đăng ký xe máy|10|9|8|1|1|1|Thap|0.374745816688999|-12
"40531528452"|BVU22011.669 Mỹ Xuân|"2381930026"|F88 Fund|6|2024-11-01 00:00:00.000||2264000||1|2025-05-02 00:00:00.000|Đăng ký xe máy|9|8|7|1|1|1|||-19
"40413716453"|BVU20004.52 Trương Công Định|"20956351"|F88 Fund|7|2024-11-07 00:00:00.000||1268000||1|2025-04-08 00:00:00.000|Đăng ký xe máy|10|9|8|1|1|1|Thap|0.3718060525787488|-25
"40423301589"|BVU22011.669 Mỹ Xuân|"2448249121"|F88 Fund|6|2024-10-24 00:00:00.000||1755000||1|2025-04-24 00:00:00.000|Đăng ký xe máy|9|8|7|1|1|1|Thap|0.3701662144935057|-11
"31151917232"|BVU20004.52 Trương Công Định|"2389549604"|F88 Fund|5|2024-11-02 00:00:00.000||1697000||1|2025-06-02 00:00:00.000|Đăng ký xe máy|8|7|6|1|1|1|Thap|0.3797042461065258|-20
"31142790185"|BVU22013.Hòa Long|"2311647692"|F88 Fund|7|2024-10-17 00:00:00.000||1234000||1|2025-03-17 00:00:00.000|Đăng ký xe máy|10|9|8|1|1|1|||-4
"40332353494"|BVU22015.975 Bình Giã|"2417357963"|F88 Fund|8|2024-10-20 00:00:00.000||2626000||1|2025-02-20 00:00:00.000|Đăng ký xe máy|11|10|9|1|1|1|||-7
"40326181677"|BVU22011.669 Mỹ Xuân|"2440205414"|F88 Fund|8|2024-11-05 00:00:00.000||2426000||1|2025-03-05 00:00:00.000|Đăng ký xe máy|11|10|9|1|1|1|||-23
"40507275191"|BVU20001.47 tổ 1, ấp Lò Vôi|"2328805253"|F88 Fund|5|2024-10-16 00:00:00.000||1874000||1|2025-08-16 00:00:00.000|Đăng ký xe máy|8|7|6|1|1|1|||-3
"40629774820"|BVU22015.975 Bình Giã|"2376597025"|F88 Fund|5|2024-10-21 00:00:00.000||3821531||1|2025-05-21 00:00:00.000|Đăng ký Ô tô|8|7|6|1|1|1|||-8
"40781693338"|BVU20004.52 Trương Công Định|"2274754136"|F88 Fund|4|2024-10-22 00:00:00.000||11406575||1|2025-03-22 00:00:00.000|Đăng ký Ô tô|7|6|5|1|1|1|||-9
"40798027523"|BVU22013.Hòa Long|"2495016378"|F88 Fund|5|2024-11-12 00:00:00.000||1358000||1|2025-06-12 00:00:00.000|Đăng ký xe máy|8|7|6|1|1|1|||-30
"40383950419"|BVU20001.47 tổ 1, ấp Lò Vôi|"2489624140"|F88 Fund|8|2024-11-10 00:00:00.000||2654000||1|2025-03-10 00:00:00.000|Đăng ký xe máy|11|10|9|1|1|1|||-28
"40559975540"|BVU22013.Hòa Long|"2476917370"|F88 Fund|6|2024-10-20 00:00:00.000||2377000||1|2025-04-20 00:00:00.000|Đăng ký xe máy|9|8|7|1|1|1|||-7
"40590115158"|BVU20005.66 Đường 30/04|"2458943997"|F88 Fund|7|2024-11-12 00:00:00.000||3962000||1|2025-04-12 00:00:00.000|Đăng ký xe máy|10|9|8|1|1|1|Thap|0.3607227028874646|-30
"40667110598"|BVU22013.Hòa Long|"2498612938"|CIMB Fund|5|2024-11-05 00:00:00.000||1868353||1|2025-06-05 00:00:00.000|Đăng ký xe máy|8|7|6|1|1|1|Thap|0.352326562248934|-23
"40791172129897"|BVU22011.669 Mỹ Xuân|"2276646113"|CIMB Fund|4|2024-11-08 00:00:00.000||1299012||1|2025-07-08 00:00:00.000|Đăng ký xe máy|7|6|5|1|1|1|||-26
"40710253112"|BVU20005.66 Đường 30/04|"2433012850"|CIMB Fund|4|2024-11-02 00:00:00.000||966176||1|2025-07-02 00:00:00.000|Đăng ký xe máy|7|6|5|1|1|1|Thap|0.3649198173160183|-20
"40353517286"|BVU20004.52 Trương Công Định|"2417238782"|F88 Fund|8|2024-10-16 00:00:00.000||2354000||1|2025-02-16 00:00:00.000|Đăng ký xe máy|11|10|9|1|1|1|Thap|0.3298922415391643|-3
"40343250305"|BVU22011.669 Mỹ Xuân|"2486658546"|F88 Fund|8|2024-11-12 00:00:00.000||2854000||1|2025-03-12 00:00:00.000|Đăng ký xe máy|11|10|9|1|1|1|||-30
"40303608162"|BVU20005.66 Đường 30/04|"2259823156"|F88 Fund|4|2024-10-21 00:00:00.000||2380000||1|2025-06-21 00:00:00.000|Đăng ký xe máy|7|6|5|1|1|1|||-8
"40159113824"|BVU22013.Hòa Long|"2236097231"|F88 Fund|4|2024-10-20 00:00:00.000||1077000||1|2025-06-20 00:00:00.000|Đăng ký xe máy|7|6|5|1|1|1|||-7
"40749260776"|BVU20001.47 tổ 1, ấp Lò Vôi|"2447673737"|CIMB Fund|4|2024-11-02 00:00:00.000||1152767||1|2026-01-02 00:00:00.000|Đăng ký xe máy|7|6|5|1|1|1|Thap|0.3513885368592067|-20
"40564363126"|BVU20004.52 Trương Công Định|"2292265618"|F88 Fund|5|2024-10-21 00:00:00.000||771000||1|2025-05-21 00:00:00.000|Đăng ký xe máy|8|7|6|1|1|1|||-8
"40172136100"|BVU20004.52 Trương Công Định|"2323805366"|F88 Fund|9|2024-10-21 00:00:00.000||2597000||1|2025-01-21 00:00:00.000|Đăng ký xe máy|12|11|10|1|1|1|||-8
"40301200548"|BVU20005.66 Đường 30/04|"2483560680"|CIMB Fund|7|2024-10-24 00:00:00.000||1968156||1|2025-03-24 00:00:00.000|Đăng ký xe máy|10|9|8|1|1|1|||-11
"40333074829"|BVU22011.669 Mỹ Xuân|"2421665028"|F88 Fund|8|2024-11-09 00:00:00.000||7067000||1|2025-03-09 00:00:00.000|Đăng ký Ô tô|11|10|9|1|1|1|Thap|0.3577635842141254|-27
"40394074109"|BVU22015.975 Bình Giã|"2492201078"|CIMB Fund|7|2024-10-15 00:00:00.000||1647275||1|2025-03-15 00:00:00.000|Đăng ký xe máy|10|9|8|1|1|1|Thap|0.368529365948821|-2
"31227144999"|BVU20004.52 Trương Công Định|"2339791183"|F88 Fund|5|2024-10-15 00:00:00.000||1530000||1|2025-05-15 00:00:00.000|Đăng ký xe máy|8|7|6|1|1|1|||-2
"31046832057"|BVU20005.66 Đường 30/04|"2221269131"|F88 Fund|6|2024-11-05 00:00:00.000||2057000||1|2025-05-05 00:00:00.000|Đăng ký xe máy|9|8|7|1|1|1|Thap|0.3546012490563049|-23
"40604895009"|BVU20001.47 tổ 1, ấp Lò Vôi|"2420703125"|CIMB Fund|4|2024-11-02 00:00:00.000||2039188||1|2025-07-02 00:00:00.000|Đăng ký xe máy|7|6|5|1|1|1|Thap|0.3737854626134997|-20
"40733094208"|BVU22011.669 Mỹ Xuân|"2477420726"|F88 Fund|4|2024-11-14 00:00:00.000||1808000||1|2025-07-14 00:00:00.000|Đăng ký xe máy|7|6|5|1|1|1|Thap|0.3462675970812596|-1
"40796243471"|BVU20004.52 Trương Công Định|"2493195194"|CIMB Fund|4|2024-11-03 00:00:00.000||1610195||1|2025-07-03 00:00:00.000|Đăng ký xe máy|7|6|5|1|1|1|||-21
"40717481692"|BVU20004.52 Trương Công Định|"2466053654"|F88 Fund|4|2024-11-10 00:00:00.000||1948000||1|2025-07-10 00:00:00.000|Đăng ký xe máy|7|6|5|1|1|1|||-28
"40593737009"|BVU20001.47 tổ 1, ấp Lò Vôi|"2348078652"|F88 Fund|6|2024-10-24 00:00:00.000||1087000||1|2025-04-24 00:00:00.000|Đăng ký xe máy|9|8|7|1|1|1|||-11
"40360516462"|BVU20005.66 Đường 30/04|"2476857106"|CIMB Fund|7|2024-10-22 00:00:00.000||2223796||1|2025-03-22 00:00:00.000|Đăng ký xe máy|10|9|8|1|1|1|Thap|0.3348950683140549|-9
"40493502885"|BVU20005.66 Đường 30/04|"2413004701"|F88 Fund|7|2024-11-13 00:00:00.000||2140000||1|2025-04-13 00:00:00.000|Đăng ký xe máy|10|9|8|1|1|1|||-31
"40788243692"|BVU20004.52 Trương Công Định|"2424298970"|F88 Fund|4|2024-11-06 00:00:00.000||1157000||1|2025-07-06 00:00:00.000|Đăng ký xe máy|7|6|5|1|1|1|||-24
"40460248266"|BVU20005.66 Đường 30/04|"2439753823"|F88 Fund|6|2024-10-25 00:00:00.000||1027000||1|2025-04-25 00:00:00.000|Đăng ký xe máy|9|8|7|1|1|1|||-12
"40602507904"|BVU22011.669 Mỹ Xuân|"2322747962"|F88 Fund|4|2024-10-20 00:00:00.000||2597000||1|2025-06-20 00:00:00.000|Đăng ký xe máy|7|6|5|1|1|1|||-7
"40608950472"|BVU20005.66 Đường 30/04|"2366687760"|CIMB Fund|4|2024-10-25 00:00:00.000||1804165||1|2025-06-25 00:00:00.000|Đăng ký xe máy|7|6|5|1|1|1|||-12
"40616032360"|BVU22011.669 Mỹ Xuân|"2420411197"|CIMB Fund|4|2024-10-16 00:00:00.000||3247876||1|2025-06-16 00:00:00.000|Đăng ký xe máy|7|6|5|1|1|1|||-3
"31087978626"|BVU20005.66 Đường 30/04|"2380773360"|F88 Fund|9|2024-10-21 00:00:00.000||1215000||1|2025-01-21 00:00:00.000|Đăng ký xe máy|12|11|10|1|1|1|||-8
"40734960991"|BVU20004.52 Trương Công Định|"2467779437"|F88 Fund|5|2024-11-13 00:00:00.000||2354000||1|2025-06-13 00:00:00.000|Đăng ký xe máy|8|7|6|1|1|1|||-31
"40144629808"|BVU22011.669 Mỹ Xuân|"2447776697"|CIMB Fund|9|2024-10-25 00:00:00.000||1096042||1|2025-01-25 00:00:00.000|Đăng ký xe máy|12|11|10|1|1|1|Thap|0.3659377539698969|-12
"40634807758"|BVU22013.Hòa Long|"2486320446"|CIMB Fund|4|2024-10-18 00:00:00.000||1420284||1|2025-06-18 00:00:00.000|Đăng ký xe máy|7|6|5|1|1|1|||-5
"40401187656"|BVU22013.Hòa Long|"2490726862"|F88 Fund|8|2024-11-13 00:00:00.000||2660000||1|2025-03-13 00:00:00.000|Đăng ký xe máy|11|10|9|1|1|1|||-31
"40741254445"|BVU22011.669 Mỹ Xuân|"2483698074"|F88 Fund|5|2024-11-12 00:00:00.000||2720000||1|2025-06-12 00:00:00.000|Đăng ký xe máy|8|7|6|1|1|1|Thap|0.3770809758672804|-30
"40693835967"|BVU20004.52 Trương Công Định|"2418544065"|CIMB Fund|5|2024-11-07 00:00:00.000||1591101||1|2025-06-07 00:00:00.000|Đăng ký xe máy|8|7|6|1|1|1|||-25
"40419984717"|BVU20001.47 tổ 1, ấp Lò Vôi|"2212476801"|CIMB Fund|7|2024-11-10 00:00:00.000||1007595||1|2025-04-10 00:00:00.000|Đăng ký xe máy|10|9|8|1|1|1|||-28
"40520981719"|BVU22011.669 Mỹ Xuân|"2349843863"|F88 Fund|6|2024-10-17 00:00:00.000||2898000||1|2025-04-17 00:00:00.000|Đăng ký xe máy|9|8|7|1|1|1|||-4
"40132544586"|BVU22011.669 Mỹ Xuân|"2480776068"|CIMB Fund|9|2024-10-20 00:00:00.000||2435985||1|2025-01-20 00:00:00.000|Đăng ký xe máy|12|11|10|1|1|1|||-7
"40882216353553"|BVU22013.Hòa Long|"2425349082"|F88 Fund|4|2024-11-08 00:00:00.000||2459000||1|2025-10-08 00:00:00.000|Đăng ký xe máy|7|6|5|1|1|1|Thap|0.3593798291794991|-26
"40306236803"|BVU20001.47 tổ 1, ấp Lò Vôi|"2395038026"|CIMB Fund|8|2024-11-01 00:00:00.000||1072709||1|2025-03-01 00:00:00.000|Đăng ký xe máy|11|10|9|1|1|1|||-19
"40700802352"|BVU20005.66 Đường 30/04|"2286122647"|CIMB Fund|4|2024-11-09 00:00:00.000||1035191||1|2025-07-09 00:00:00.000|Đăng ký xe máy|7|6|5|1|1|1|||-27
"40398604798"|BVU20005.66 Đường 30/04|"2483505337"|CIMB Fund|8|2024-11-12 00:00:00.000||918308||1|2025-03-12 00:00:00.000|Đăng ký xe máy|11|10|9|1|1|1|||-30
"40122567227"|BVU22011.669 Mỹ Xuân|"2318906411"|CIMB Fund|9|2024-10-15 00:00:00.000||2055156||1|2025-01-15 00:00:00.000|Đăng ký xe máy|12|11|10|1|1|1|||-2
"40396897438"|BVU22015.975 Bình Giã|"2359023181"|CIMB Fund|7|2024-10-25 00:00:00.000||1203370||1|2025-03-25 00:00:00.000|Đăng ký xe máy|10|9|8|1|1|1|||-12
"40668973436"|BVU20005.66 Đường 30/04|"2488109550"|CIMB Fund|4|2024-10-20 00:00:00.000||952329||1|2025-06-20 00:00:00.000|Đăng ký xe máy|7|6|5|1|1|1|||-7
"40353410475"|BVU20001.47 tổ 1, ấp Lò Vôi|"2419460804"|F88 Fund|8|2024-11-09 00:00:00.000||1712000||1|2025-03-09 00:00:00.000|Đăng ký xe máy|11|10|9|1|1|1|||-27
"40457138877"|BVU20004.52 Trương Công Định|"2312088940"|F88 Fund|6|2024-10-17 00:00:00.000||1298000||1|2025-04-17 00:00:00.000|Đăng ký xe máy|9|8|7|1|1|1|Thap|0.3701604123196383|-4
"31255259036"|BVU20004.52 Trương Công Định|"2391544952"|F88 Fund|7|2024-10-15 00:00:00.000||2720000||1|2025-03-15 00:00:00.000|Đăng ký xe máy|10|9|8|1|1|1|Thap|0.3478628600375688|-2
"40626539569"|BVU20005.66 Đường 30/04|"2496078504"|F88 Fund|4|2024-10-20 00:00:00.000||1819000||1|2025-06-20 00:00:00.000|Đăng ký xe máy|7|6|5|1|1|1|||-7
"40181451527"|BVU22011.669 Mỹ Xuân|"2395906183"|CIMB Fund|9|2024-10-15 00:00:00.000||1294693||1|2025-01-15 00:00:00.000|Đăng ký xe máy|12|11|10|1|1|1|||-2
"40117054114"|BVU22011.669 Mỹ Xuân|"2474942977"|F88 Fund|9|2024-10-15 00:00:00.000||1355000||1|2025-01-15 00:00:00.000|Đăng ký xe máy|12|11|10|1|1|1|Thap|0.3734430246833553|-2
"40408967237"|BVU22011.669 Mỹ Xuân|"2417602514"|CIMB Fund|6|2024-10-18 00:00:00.000||1386034||1|2025-04-18 00:00:00.000|Đăng ký xe máy|9|8|7|1|1|1|Thap|0.3542664436176816|-5
"40667513448"|BVU20005.66 Đường 30/04|"2423169388"|F88 Fund|4|2024-10-22 00:00:00.000||1593000||1|2025-12-22 00:00:00.000|Đăng ký xe máy|7|6|5|1|1|1|||-9
"40341219379"|BVU22013.Hòa Long|"2253606073"|F88 Fund|4|2024-11-07 00:00:00.000||1852000||1|2025-07-07 00:00:00.000|Đăng ký xe máy|7|6|5|1|1|1|Thap|0.3721420661303967|-25
"40348003084"|BVU22013.Hòa Long|"2426037110"|CIMB Fund|7|2024-10-24 00:00:00.000||2017825||1|2025-03-24 00:00:00.000|Đăng ký xe máy|10|9|8|1|1|1|||-11
"40487375746"|BVU22015.975 Bình Giã|"2498061933"|CIMB Fund|6|2024-10-16 00:00:00.000||811183||1|2025-04-16 00:00:00.000|Đăng ký xe máy|9|8|7|1|1|1|||-3
"40685072128"|BVU22013.Hòa Long|"2391912186"|F88 Fund|4|2024-10-17 00:00:00.000||775000||1|2025-06-17 00:00:00.000|Đăng ký xe máy|7|6|5|1|1|1|||-4
"40331219183"|BVU22011.669 Mỹ Xuân|"2455925994"|CIMB Fund|7|2024-10-20 00:00:00.000||1647275||1|2025-03-20 00:00:00.000|Đăng ký xe máy|10|9|8|1|1|1|||-7
"40259939227"|BVU20004.52 Trương Công Định|"2495007704"|CIMB Fund|7|2024-10-15 00:00:00.000||2066975||1|2025-03-15 00:00:00.000|Đăng ký xe máy|10|9|8|1|1|1|Thap|0.3571520848727759|-2
"40516037455"|BVU20001.47 tổ 1, ấp Lò Vôi|"2448470418"|F88 Fund|6|2024-10-23 00:00:00.000||2264000||1|2025-04-23 00:00:00.000|Đăng ký xe máy|9|8|7|1|1|1|||-10
"40474404708"|BVU22015.975 Bình Giã|"2383551147"|F88 Fund|7|2024-10-16 00:00:00.000||979000||1|2025-03-16 00:00:00.000|Đăng ký xe máy|10|9|8|1|1|1|||-3
"40440318715"|BVU20004.52 Trương Công Định|"2499468824"|CIMB Fund|7|2024-11-05 00:00:00.000||1990809||1|2025-04-05 00:00:00.000|Đăng ký xe máy|10|9|8|1|1|1|||-23
"40390028259"|BVU22015.975 Bình Giã|"2444852871"|F88 Fund|9|2024-11-12 00:00:00.000||1815000||1|2025-02-12 00:00:00.000|Đăng ký xe máy|12|11|10|1|1|1|||-30
"40778699362"|BVU22015.975 Bình Giã|"2417644178"|CIMB Fund|4|2024-11-08 00:00:00.000||2630702||1|2025-07-08 00:00:00.000|Đăng ký xe máy|7|6|5|1|1|1|||-26
"40463897844"|BVU20001.47 tổ 1, ấp Lò Vôi|"2218855317"|CIMB Fund|7|2024-10-18 00:00:00.000||1687703||1|2025-03-18 00:00:00.000|Đăng ký xe máy|10|9|8|1|1|1|Thap|0.3636370775821091|-5
"40745654567523"|BVU22015.975 Bình Giã|"2358320022"|F88 Fund|4|2024-11-09 00:00:00.000||1142000||1|2025-07-09 00:00:00.000|Đăng ký xe máy|7|6|5|1|1|1|||-27
"40350866366"|BVU20005.66 Đường 30/04|"2336501235"|CIMB Fund|7|2024-10-22 00:00:00.000||1976680||1|2025-03-22 00:00:00.000|Đăng ký xe máy|10|9|8|1|1|1|Thap|0.3652589958582665|-9
"40369469302"|BVU22011.669 Mỹ Xuân|"2460840960"|F88 Fund|8|2024-10-15 00:00:00.000||1222000||1|2025-02-15 00:00:00.000|Đăng ký xe máy|11|10|9|1|1|1|Thap|0.3562111315121247|-2
"40547537769"|BVU20001.47 tổ 1, ấp Lò Vôi|"2250386345"|F88 Fund|4|2024-10-16 00:00:00.000||1761000||1|2025-06-16 00:00:00.000|Đăng ký xe máy|7|6|5|1|1|1|Thap|0.3780505370266641|-3
"40301833368"|BVU22013.Hòa Long|"2330799899"|F88 Fund|5|2024-11-09 00:00:00.000||2040000||1|2025-06-09 00:00:00.000|Đăng ký xe máy|8|7|6|1|1|1|||-27
"40797330862"|BVU22015.975 Bình Giã|"2364335806"|F88 Fund|4|2024-11-09 00:00:00.000||693000||1|2025-07-09 00:00:00.000|Đăng ký xe máy|7|6|5|1|1|1|||-27
"31157484096"|BVU20005.66 Đường 30/04|"21954223"|F88 Fund|8|2024-10-25 00:00:00.000||2203000||1|2025-02-25 00:00:00.000|Đăng ký xe máy|11|10|9|1|1|1|Thap|0.3610601982309369|-12
"40389994998"|BVU22011.669 Mỹ Xuân|"2437093528"|F88 Fund|9|2024-11-12 00:00:00.000||1222000||1|2025-02-12 00:00:00.000|Đăng ký xe máy|12|11|10|1|1|1|||-30
"40330623886"|BVU20001.47 tổ 1, ấp Lò Vôi|"2465640848"|CIMB Fund|8|2024-11-13 00:00:00.000||1393051||1|2025-03-13 00:00:00.000|Đăng ký xe máy|11|10|9|1|1|1|||-31
"40679484946"|BVU22011.669 Mỹ Xuân|"2438130836"|CIMB Fund|4|2024-10-16 00:00:00.000||1577998||1|2025-06-16 00:00:00.000|Đăng ký xe máy|7|6|5|1|1|1|||-3
"31075367307"|BVU20005.66 Đường 30/04|"2270993478"|F88 Fund|9|2024-11-10 00:00:00.000||2460000||1|2025-02-10 00:00:00.000|Đăng ký xe máy|12|11|10|1|1|1|Thap|0.3529946530211154|-28
"40648476125"|BVU22013.Hòa Long|"2484374396"|CIMB Fund|5|2024-11-11 00:00:00.000||1920061||1|2025-06-11 00:00:00.000|Đăng ký xe máy|8|7|6|1|1|1|||-29
"30864760243"|BVU20004.52 Trương Công Định|"2310797071"|F88 Fund|8|2024-11-06 00:00:00.000||1466000||1|2025-03-06 00:00:00.000|Đăng ký xe máy|11|10|9|1|1|1|||-24
"40720056795"|BVU22013.Hòa Long|"2414336808"|F88 Fund|4|2024-11-05 00:00:00.000||1913000||1|2025-07-05 00:00:00.000|Đăng ký xe máy|7|6|5|1|1|1|||-23
"40361949670"|BVU22011.669 Mỹ Xuân|"2499186135"|F88 Fund|9|2024-11-12 00:00:00.000||1811000||1|2025-02-12 00:00:00.000|Đăng ký xe máy|12|11|10|1|1|1|||-30
"40610527514"|BVU22015.975 Bình Giã|"2225355780"|F88 Fund|5|2024-11-08 00:00:00.000||1268000||1|2025-06-08 00:00:00.000|Đăng ký xe máy|8|7|6|1|1|1|Thap|0.3271147746688281|-26
"40683462387"|BVU22011.669 Mỹ Xuân|"2478287728"|CIMB Fund|5|2024-11-12 00:00:00.000||1399866||1|2025-06-12 00:00:00.000|Đăng ký xe máy|8|7|6|1|1|1|||-30
"40632740301"|BVU22015.975 Bình Giã|"2419643205"|F88 Fund|5|2024-11-10 00:00:00.000||2081000||1|2025-06-10 00:00:00.000|Đăng ký xe máy|8|7|6|1|1|1|||-28
"31014016159"|BVU20005.66 Đường 30/04|"2331257354"|F88 Fund|11|2024-11-04 00:00:00.000||4991000||1|2025-06-04 00:00:00.000|Đăng ký xe máy|14|13|12|1|1|1|||-22
"40408870223"|BVU20004.52 Trương Công Định|"2461847701"|CIMB Fund|7|2024-10-25 00:00:00.000||1212035||1|2025-03-25 00:00:00.000|Đăng ký xe máy|10|9|8|1|1|1|||-12
"40736969054"|BVU22015.975 Bình Giã|"2423570476"|F88 Fund|4|2024-11-06 00:00:00.000||2452000||1|2025-07-06 00:00:00.000|Đăng ký xe máy|7|6|5|1|1|1|||-24
"40773359479"|BVU22013.Hòa Long|"2480131935"|F88 Fund|4|2024-11-14 00:00:00.000||1284000||1|2025-07-14 00:00:00.000|Đăng ký xe máy|7|6|5|1|1|1|Thap|0.3546012490563049|-1
"40528542235"|BVU20001.47 tổ 1, ấp Lò Vôi|"2435201223"|F88 Fund|6|2024-11-07 00:00:00.000||2309000||1|2025-05-07 00:00:00.000|Đăng ký xe máy|9|8|7|1|1|1|||-25
"40315821557"|BVU22011.669 Mỹ Xuân|"2491706256"|F88 Fund|8|2024-10-23 00:00:00.000||1004000||1|2025-02-23 00:00:00.000|Đăng ký xe máy|11|10|9|1|1|1|||-10
"40717039333"|BVU20001.47 tổ 1, ấp Lò Vôi|"2488106613"|F88 Fund|4|2024-11-07 00:00:00.000||2380000||1|2025-07-07 00:00:00.000|Đăng ký xe máy|7|6|5|1|1|1|Thap|0.3668897583098785|-25
"40320503846"|BVU20004.52 Trương Công Định|"2463191431"|F88 Fund|8|2024-10-15 00:00:00.000||2264000||1|2025-02-15 00:00:00.000|Đăng ký xe máy|11|10|9|1|1|1|Thap|0.379359670655043|-2
"40315715443"|BVU22013.Hòa Long|"2241029800"|F88 Fund|5|2024-10-22 00:00:00.000||2056000||1|2025-05-22 00:00:00.000|Đăng ký xe máy|8|7|6|1|1|1|||-9
"40334349673"|BVU20001.47 tổ 1, ấp Lò Vôi|"2223597738"|F88 Fund|4|2024-11-05 00:00:00.000||1440000||1|2025-07-05 00:00:00.000|Đăng ký xe máy|7|6|5|1|1|1|||-23
"40658830904"|BVU22015.975 Bình Giã|"2370593161"|CIMB Fund|4|2024-10-15 00:00:00.000||1767958||1|2025-06-15 00:00:00.000|Đăng ký xe máy|7|6|5|1|1|1|||-2
"40313783489"|BVU20001.47 tổ 1, ấp Lò Vôi|"2486406070"|CIMB Fund|7|2024-10-16 00:00:00.000||1156317||1|2025-03-16 00:00:00.000|Đăng ký xe máy|10|9|8|1|1|1|||-3
"40735170672"|BVU22015.975 Bình Giã|"2411633778"|F88 Fund|4|2024-11-10 00:00:00.000||1504000||1|2025-07-10 00:00:00.000|Đăng ký xe máy|7|6|5|1|1|1|||-28
"40456185701"|BVU22011.669 Mỹ Xuân|"2265832067"|F88 Fund|7|2024-11-05 00:00:00.000||3018000||1|2025-04-05 00:00:00.000|Đăng ký xe máy|10|9|8|1|1|1|||-23
"40303282436"|BVU20004.52 Trương Công Định|"2427092994"|F88 Fund|7|2024-10-25 00:00:00.000||3082000||1|2025-03-25 00:00:00.000|Đăng ký xe máy|10|9|8|1|1|1|||-12
"40318428280"|BVU22015.975 Bình Giã|"2497180848"|F88 Fund|8|2024-11-12 00:00:00.000||1712000||1|2025-03-12 00:00:00.000|Đăng ký xe máy|11|10|9|1|1|1|Thap|0.3701662144935057|-30
"40690984213"|BVU22013.Hòa Long|"2462070743"|CIMB Fund|5|2024-11-13 00:00:00.000||1971408||1|2025-06-13 00:00:00.000|Đăng ký xe máy|8|7|6|1|1|1|Thap|0.3546012490563049|-31
"40715934682"|BVU22011.669 Mỹ Xuân|"2493860027"|F88 Fund|4|2024-10-17 00:00:00.000||906000||1|2025-06-17 00:00:00.000|Đăng ký xe máy|7|6|5|1|1|1|Thap|0.374745816688999|-4
"40487309025"|BVU20001.47 tổ 1, ấp Lò Vôi|"21160051"|F88 Fund|5|2024-11-10 00:00:00.000||1904000||1|2025-06-10 00:00:00.000|Đăng ký xe máy|8|7|6|1|1|1|||-28
"40477910915"|BVU22013.Hòa Long|"2274783071"|F88 Fund|5|2024-10-17 00:00:00.000||2231000||1|2025-05-17 00:00:00.000|Đăng ký xe máy|8|7|6|1|1|1|||-4
"40548499176"|BVU22015.975 Bình Giã|"2388903361"|F88 Fund|6|2024-11-05 00:00:00.000||1509000||1|2025-05-05 00:00:00.000|Đăng ký xe máy|9|8|7|1|1|1|Thap|0.3415138083027311|-23
"31113836059"|BVU20001.47 tổ 1, ấp Lò Vôi|"2323244570"|F88 Fund|7|2024-11-06 00:00:00.000||2761000||1|2025-04-06 00:00:00.000|Đăng ký xe máy|10|9|8|1|1|1|||-24
"40258629149"|BVU20001.47 tổ 1, ấp Lò Vôi|"2474552694"|F88 Fund|9|2024-11-05 00:00:00.000||1798000||1|2025-02-05 00:00:00.000|Đăng ký xe máy|12|11|10|1|1|1|||-23
"40764025767"|BVU22013.Hòa Long|"2260226281"|F88 Fund|4|2024-11-13 00:00:00.000||1620000||1|2025-07-13 00:00:00.000|Đăng ký xe máy|7|6|5|1|1|1|||-31
"40740715543"|BVU22013.Hòa Long|"2393578543"|F88 Fund|4|2024-11-07 00:00:00.000||729000||1|2025-07-07 00:00:00.000|Đăng ký xe máy|7|6|5|1|1|1|||-25
"40610347505"|BVU22013.Hòa Long|"2490021850"|F88 Fund|5|2024-11-12 00:00:00.000||1113000||1|2025-06-12 00:00:00.000|Đăng ký xe máy|8|7|6|1|1|1|||-30
"40615335620"|BVU22013.Hòa Long|"2477318026"|CIMB Fund|4|2024-10-21 00:00:00.000||1723623||1|2025-06-21 00:00:00.000|Đăng ký xe máy|7|6|5|1|1|1|||-8
"40496289469"|BVU20004.52 Trương Công Định|"2376988964"|F88 Fund|4|2024-11-08 00:00:00.000||802000||1|2025-07-08 00:00:00.000|Đăng ký xe máy|7|6|5|1|1|1|||-26
"31279060308"|BVU20001.47 tổ 1, ấp Lò Vôi|"2382816797"|F88 Fund|10|2024-10-16 00:00:00.000||2623000||1|2025-03-16 00:00:00.000|Đăng ký xe máy|13|12|11|1|1|1|||-3
"31218654820"|BVU20005.66 Đường 30/04|"2317987155"|F88 Fund|11|2024-10-25 00:00:00.000||1299000||1|2025-02-25 00:00:00.000|Đăng ký xe máy|14|13|12|1|1|1|Thap|0.338360291681214|-12
"30468126989761"|BVU22013.Hòa Long|"2268276432"|F88 Fund|4|2024-11-12 00:00:00.000||1618000||1|2025-07-12 00:00:00.000|Đăng ký xe máy|7|6|5|1|1|1|||-30
"40799000839"|BVU22015.975 Bình Giã|"2423911588"|F88 Fund|4|2024-11-05 00:00:00.000||1929000||1|2025-07-05 00:00:00.000|Đăng ký xe máy|7|6|5|1|1|1|||-23
"40389752253"|BVU22011.669 Mỹ Xuân|"2431997809"|F88 Fund|8|2024-10-15 00:00:00.000||1509000||1|2025-02-15 00:00:00.000|Đăng ký xe máy|11|10|9|1|1|1|||-2
"40406650982"|BVU22013.Hòa Long|"2445652210"|F88 Fund|7|2024-10-18 00:00:00.000||2083000||1|2025-03-18 00:00:00.000|Đăng ký xe máy|10|9|8|1|1|1|||-5
"40531455986"|BVU20001.47 tổ 1, ấp Lò Vôi|"2479629001"|F88 Fund|5|2024-10-25 00:00:00.000||1569000||1|2025-05-25 00:00:00.000|Đăng ký xe máy|8|7|6|1|1|1|||-12
"40316781133"|BVU20005.66 Đường 30/04|"2226528824"|F88 Fund|9|2024-11-10 00:00:00.000||1476000||1|2025-02-10 00:00:00.000|Đăng ký xe máy|12|11|10|1|1|1|Thap|0.3355472297072097|-28
"40140278448"|BVU20005.66 Đường 30/04|"2443970716"|CIMB Fund|9|2024-10-22 00:00:00.000||1978139||1|2025-01-22 00:00:00.000|Đăng ký xe máy|12|11|10|1|1|1|||-9
"40490214239"|BVU20005.66 Đường 30/04|"2452402932"|F88 Fund|6|2024-10-22 00:00:00.000||1883000||1|2025-04-22 00:00:00.000|Đăng ký xe máy|9|8|7|1|1|1|||-9
"40425513265"|BVU20004.52 Trương Công Định|"2391256487"|CIMB Fund|6|2024-10-15 00:00:00.000||1557640||1|2025-04-15 00:00:00.000|Đăng ký xe máy|9|8|7|1|1|1|||-2
"40584208670"|BVU20005.66 Đường 30/04|"2415213895"|F88 Fund|6|2024-11-12 00:00:00.000||1622000||1|2026-05-12 00:00:00.000|Đăng ký xe máy|9|8|7|1|1|1|||-30
"40242830711"|BVU22015.975 Bình Giã|"2345710854"|F88 Fund|8|2024-10-18 00:00:00.000||1598000||1|2025-02-18 00:00:00.000|Đăng ký xe máy|11|10|9|1|1|1|||-5
"40615519111"|BVU20005.66 Đường 30/04|"2488651467"|CIMB Fund|5|2024-11-04 00:00:00.000||1310286||1|2025-06-04 00:00:00.000|Đăng ký xe máy|8|7|6|1|1|1|||-22
"40116379938"|BVU22011.669 Mỹ Xuân|"2226319213"|F88 Fund|9|2024-10-25 00:00:00.000||2739000||1|2025-01-25 00:00:00.000|Đăng ký xe máy|12|11|10|1|1|1|Thap|0.3478628600375688|-12
"40835149586029"|BVU22015.975 Bình Giã|"2415658020"|F88 Fund|4|2024-11-12 00:00:00.000||1326000||1|2025-07-12 00:00:00.000|Đăng ký xe máy|7|6|5|1|1|1|Thap|0.3701604123196383|-30
"40133779050"|BVU20001.47 tổ 1, ấp Lò Vôi|"2421539977"|CIMB Fund|9|2024-10-18 00:00:00.000||583769||1|2025-01-18 00:00:00.000|Đăng ký xe máy|12|11|10|1|1|1|Thap|0.3620125058781607|-5
"40255283148"|BVU20005.66 Đường 30/04|"2499091111"|F88 Fund|9|2024-11-02 00:00:00.000||2294000||1|2025-02-04 00:00:00.000|Đăng ký xe máy|12|11|10|1|1|1|Thap|0.3620067580515462|-20
"30834261100"|BVU22011.669 Mỹ Xuân|"2363212027"|CIMB Fund|14|2024-10-25 00:00:00.000||9949055||1|2026-08-25 00:00:00.000|Đăng ký Ô tô|17|16|15|1|1|1|Thap|0.3734430246833553|-12
"40151331257"|BVU20004.52 Trương Công Định|"2416712603"|CIMB Fund|9|2024-10-16 00:00:00.000||2335320||1|2025-01-16 00:00:00.000|Đăng ký xe máy|12|11|10|1|1|1|Thap|0.3724222895285796|-3
"40768240527"|BVU20005.66 Đường 30/04|"2360083985"|F88 Fund|4|2024-11-14 00:00:00.000||2890000||1|2025-07-14 00:00:00.000|Đăng ký xe máy|7|6|5|1|1|1|||-1
"40684979857"|BVU22013.Hòa Long|"2491833799"|F88 Fund|5|2024-10-22 00:00:00.000||1343000||1|2025-05-22 00:00:00.000|Đăng ký xe máy|8|7|6|1|1|1|||-9
"40404017347"|BVU20005.66 Đường 30/04|"2346603381"|F88 Fund|7|2024-11-02 00:00:00.000||1712000||1|2025-04-02 00:00:00.000|Đăng ký xe máy|10|9|8|1|1|1|Thap|0.3386879492416|-20
"40496450822"|BVU20005.66 Đường 30/04|"2490661139"|F88 Fund|7|2024-11-06 00:00:00.000||856000||1|2025-04-06 00:00:00.000|Đăng ký xe máy|10|9|8|1|1|1|||-24
"40630044644"|BVU20004.52 Trương Công Định|"2266623486"|F88 Fund|4|2024-11-04 00:00:00.000||1157000||1|2025-07-04 00:00:00.000|Đăng ký xe máy|7|6|5|1|1|1|||-22
"31235170563"|BVU20005.66 Đường 30/04|"2295298956"|F88 Fund|4|2024-10-22 00:00:00.000||2951000||1|2025-06-22 00:00:00.000|Đăng ký xe máy|7|6|5|1|1|1|||-9
"40732831678"|BVU20004.52 Trương Công Định|"20105053"|F88 Fund|4|2024-11-04 00:00:00.000||1003000||1|2025-07-04 00:00:00.000|Đăng ký xe máy|7|6|5|1|1|1|||-22
"40183273642"|BVU22015.975 Bình Giã|"2476686359"|CIMB Fund|9|2024-10-15 00:00:00.000||1445066||1|2025-01-15 00:00:00.000|Đăng ký xe máy|12|11|10|1|1|1|||-2
"40426859875"|BVU20001.47 tổ 1, ấp Lò Vôi|"2444213307"|CIMB Fund|7|2024-10-20 00:00:00.000||3436200||1|2025-03-20 00:00:00.000|Đăng ký xe máy|10|9|8|1|1|1|||-7
"40759599494"|BVU22013.Hòa Long|"2497317686"|F88 Fund|4|2024-11-05 00:00:00.000||1358000||1|2025-07-05 00:00:00.000|Đăng ký xe máy|7|6|5|1|1|1|Thap|0.3466017186648913|-23
"40731824286"|BVU20001.47 tổ 1, ấp Lò Vôi|"2392996175"|CIMB Fund|4|2024-11-08 00:00:00.000||3229546||1|2025-07-08 00:00:00.000|Đăng ký xe máy|7|6|5|1|1|1|||-26
"40495462798"|BVU20004.52 Trương Công Định|"202198152508"|F88 Fund|7|2024-11-12 00:00:00.000||2203000||1|2025-04-12 00:00:00.000|Đăng ký xe máy|10|9|8|1|1|1|Thap|0.3731065345178327|-30
"40368938281"|BVU20005.66 Đường 30/04|"2473746047"|CIMB Fund|8|2024-11-08 00:00:00.000||1114466||1|2025-03-08 00:00:00.000|Đăng ký xe máy|11|10|9|1|1|1|Thap|0.3434257232212958|-26
"40304315365"|BVU22015.975 Bình Giã|"2415062140"|F88 Fund|8|2024-11-13 00:00:00.000||2568000||1|2025-03-13 00:00:00.000|Đăng ký xe máy|11|10|9|1|1|1|||-31
"31116768398"|BVU20005.66 Đường 30/04|"2289027062"|F88 Fund|5|2024-11-10 00:00:00.000||1697000||1|2025-06-10 00:00:00.000|Đăng ký xe máy|8|7|6|1|1|1|||-28
"40392239991"|BVU20005.66 Đường 30/04|"2424347714"|CIMB Fund|8|2024-11-09 00:00:00.000||970627||1|2025-03-09 00:00:00.000|Đăng ký xe máy|11|10|9|1|1|1|||-27
"40720740880"|BVU22013.Hòa Long|"2337826018"|F88 Fund|4|2024-11-10 00:00:00.000||1904000||1|2025-07-10 00:00:00.000|Đăng ký xe máy|7|6|5|1|1|1|||-28
"31255513092"|BVU22013.Hòa Long|"2271935393"|F88 Fund|9|2024-11-10 00:00:00.000||1306000||1|2025-02-10 00:00:00.000|Đăng ký xe máy|12|11|10|1|1|1|||-28
"40782938097"|BVU22013.Hòa Long|"2349373783"|F88 Fund|4|2024-10-23 00:00:00.000||7006123||1|2025-03-23 00:00:00.000|Đăng ký Ô tô|7|6|5|1|1|1|Thap|0.3456082515410064|-10
"40155190627"|BVU22015.975 Bình Giã|"2464586789"|CIMB Fund|9|2024-10-24 00:00:00.000||1318718||1|2025-01-24 00:00:00.000|Đăng ký xe máy|12|11|10|1|1|1|||-11
"40700924414"|BVU20001.47 tổ 1, ấp Lò Vôi|"2456117986"|CIMB Fund|4|2024-11-04 00:00:00.000||3312547||1|2025-07-04 00:00:00.000|Đăng ký xe máy|7|6|5|1|1|1|||-22
"40796590619"|BVU20004.52 Trương Công Định|"2456338008"|CIMB Fund|4|2024-11-11 00:00:00.000||2327142||1|2025-07-11 00:00:00.000|Đăng ký xe máy|7|6|5|1|1|1|||-29
"40761419501431"|BVU20001.47 tổ 1, ấp Lò Vôi|"2464064898"|F88 Fund|4|2024-10-25 00:00:00.000||1358000||1|2025-06-25 00:00:00.000|Đăng ký xe máy|7|6|5|1|1|1|||-12
"40637779502"|BVU20005.66 Đường 30/04|"20177293"|F88 Fund|5|2024-10-18 00:00:00.000||1373000||1|2025-05-18 00:00:00.000|Đăng ký xe máy|8|7|6|1|1|1|||-5
"31263801362"|BVU20001.47 tổ 1, ấp Lò Vôi|"202140887849"|F88 Fund|8|2024-10-25 00:00:00.000||1142000||1|2025-02-25 00:00:00.000|Đăng ký xe máy|11|10|9|1|1|1|||-12
"40614487689"|BVU22011.669 Mỹ Xuân|"2384307053"|CIMB Fund|5|2024-11-05 00:00:00.000||2380336||1|2025-06-05 00:00:00.000|Đăng ký xe máy|8|7|6|1|1|1|||-23
"40496260302"|BVU22013.Hòa Long|"2467509316"|F88 Fund|6|2024-10-20 00:00:00.000||2161000||1|2025-04-20 00:00:00.000|Đăng ký xe máy|9|8|7|1|1|1|||-7
"31284441990"|BVU20004.52 Trương Công Định|"2258268969"|F88 Fund|11|2024-11-05 00:00:00.000||2740000||1|2025-03-05 00:00:00.000|Đăng ký xe máy|14|13|12|1|1|1|||-23
"40502867308"|BVU20004.52 Trương Công Định|"2352574513"|F88 Fund|4|2024-11-07 00:00:00.000||2475000||1|2025-07-07 00:00:00.000|Đăng ký xe máy|7|6|5|1|1|1|||-25
"40141165458"|BVU22013.Hòa Long|"2211553661"|F88 Fund|8|2024-10-19 00:00:00.000||1774000||1|2025-02-19 00:00:00.000|Đăng ký xe máy|11|10|9|1|1|1|||-6
"40304978367"|BVU20005.66 Đường 30/04|"202154010455"|CIMB Fund|7|2024-10-19 00:00:00.000||2745416||1|2025-03-19 00:00:00.000|Đăng ký xe máy|10|9|8|1|1|1|||-6
"40296213226"|BVU20005.66 Đường 30/04|"2439654743"|F88 Fund|9|2024-10-25 00:00:00.000||2140000||1|2025-01-25 00:00:00.000|Đăng ký xe máy|12|11|10|1|1|1|Thap|0.3645865381688959|-12
"40410823724"|BVU20005.66 Đường 30/04|"2264862042"|CIMB Fund|6|2024-10-15 00:00:00.000||2638735||1|2025-04-15 00:00:00.000|Đăng ký xe máy|9|8|7|1|1|1|Thap|0.3780505370266641|-2
"40664608005"|BVU20004.52 Trương Công Định|"2465633742"|CIMB Fund|5|2024-11-08 00:00:00.000||2339896||1|2025-06-08 00:00:00.000|Đăng ký xe máy|8|7|6|1|1|1|||-26
"40790781040"|BVU22013.Hòa Long|"2453217007"|CIMB Fund|4|2024-11-12 00:00:00.000||1405000||1|2025-07-12 00:00:00.000|Đăng ký xe máy|7|6|5|1|1|1|||-30
"40384293293"|BVU22011.669 Mỹ Xuân|"2362978091"|F88 Fund|7|2024-10-20 00:00:00.000||1698000||1|2025-03-20 00:00:00.000|Đăng ký xe máy|10|9|8|1|1|1|Thap|0.3481948769441168|-7
"40557846571"|BVU20001.47 tổ 1, ấp Lò Vôi|"21840006"|F88 Fund|4|2024-11-10 00:00:00.000||1734000||1|2025-07-10 00:00:00.000|Đăng ký xe máy|7|6|5|1|1|1|||-28
"40251815136"|BVU20004.52 Trương Công Định|"2450360969"|F88 Fund|9|2024-10-15 00:00:00.000||1449000||1|2025-01-15 00:00:00.000|Đăng ký xe máy|12|11|10|1|1|1|||-2
"40443923971"|BVU20004.52 Trương Công Định|"202167720107"|CIMB Fund|7|2024-11-08 00:00:00.000||2073812||1|2025-04-08 00:00:00.000|Đăng ký xe máy|10|9|8|1|1|1|||-26
